Stkcd,Accper,Source,CR,CaR,DER,DAR
2594,2008/12/31,1,1.039305,0.121874,1.439143,0.59002
2594,2009/12/31,1,0.944695,0.129537,1.125706,0.529568
2594,2010/12/31,1,0.639527,0.072095,1.504052,0.600647
2594,2011/3/31,1,0.626165,0.12883,1.669938,0.625459
2594,2011/6/30,0,0.641231,0.15372,1.670449,0.625531
2594,2011/9/30,0,0.644632,0.114207,1.729346,0.633612
2594,2011/12/31,0,0.64859,0.113143,1.736615,0.634585
2594,2012/3/31,0,0.632328,0.133924,1.757074,0.637297
2594,2012/6/30,0,0.663496,0.149143,1.787395,0.641242
2594,2012/9/30,0,0.634116,0.111834,1.806301,0.643659
2594,2012/12/31,0,0.614293,0.097655,1.845818,0.648607
2594,2013/3/31,0,0.617029,0.092025,1.849589,0.649072
2594,2013/6/30,0,0.625028,0.105141,1.922938,0.657878
2594,2013/9/30,0,0.691152,0.146206,2.061146,0.673325
2594,2013/12/31,0,0.68182,0.113729,2.073365,0.674624
2594,2014/3/31,0,0.754309,0.114547,2.095109,0.67691
2594,2014/6/30,0,0.823167,0.185472,2.025139,0.669437
2594,2014/9/30,0,0.792359,0.118084,2.112258,0.67869
2594,2014/12/31,0,0.768228,0.077128,2.253528,0.692641
2594,2015/3/31,0,0.746822,0.089079,2.173712,0.684912
2594,2015/6/30,0,0.767057,0.069496,2.237368,0.691107
2594,2015/9/30,0,0.798263,0.076571,2.269832,0.694174
2594,2015/12/31,0,0.832854,0.096118,2.205334,0.68802
2594,2016/3/31,0,0.807645,0.05765,2.042174,0.671288
2594,2016/6/30,0,0.803756,0.070901,2.138541,0.681381
2594,2016/9/30,0,1.056766,0.109745,1.451399,0.59207
2594,2016/12/31,0,1.015776,0.095535,1.618164,0.618053
2594,2017/3/31,0,1.078343,0.122591,1.597526,0.615018
2594,2017/6/30,0,1.083579,0.108457,1.68913,0.628133
2594,2017/9/30,0,1.005668,0.092703,1.797885,0.642587
2594,2017/12/31,0,0.991876,0.086317,1.970429,0.663348
2594,2018/3/31,0,0.949763,0.06965,2.027315,0.669674
2594,2018/6/30,0,0.940058,0.084238,2.222278,0.689661
2594,2018/9/30,0,0.973793,0.115155,2.210092,0.688482
2594,2018/12/31,0,1.004326,0.097207,2.205772,0.688063
2594,2019/3/31,0,1.03656,0.112414,2.199352,0.687437
2594,2019/6/30,0,1.039377,0.088542,2.212718,0.688737
2594,2019/9/30,0,1.042226,0.089063,2.172964,0.684837
2594,2019/12/31,0,1.007173,0.109923,2.125194,0.68002
2594,2020/3/31,0,1.022523,0.116818,2.049091,0.672033
2594,2020/6/30,0,1.09373,0.127815,1.940455,0.659917
2594,2020/9/30,0,1.099836,0.125737,1.900091,0.655183
2594,2020/12/31,0,1.068073,0.131479,2.118776,0.679361
2594,2021/3/31,0,1.264285,0.27904,1.514522,0.60231
2594,2021/6/30,0,1.170848,0.191729,1.496434,0.599429
2594,2021/9/30,0,1.043075,0.234402,1.762153,0.637964
2594,2021/12/31,0,0.969681,0.290827,1.837377,0.647562
2594,2022/3/31,0,0.932408,0.224421,2.009093,0.667674
2594,2022/6/30,0,0.851845,0.192873,2.256231,0.692897
2594,2022/9/30,0,0.767465,0.14768,2.786557,0.735908
2594,2022/12/31,0,0.722386,0.153542,3.068385,0.754202
2594,2023/3/31,0,0.686823,0.146833,3.339166,0.769541
2594,2023/6/30,0,0.65894,0.196261,3.533191,0.779405
2594,2023/9/30,0,0.656209,0.131813,3.418355,0.773671
2594,2023/12/31,0,0.665955,0.239188,3.516404,0.778585
2594,2024/3/31,0,0.659551,0.194061,3.374292,0.771392
2594,2024/6/30,0,0.659164,0.119773,3.438522,0.7747
2594,2024/9/30,0,0.707097,0.128511,3.527531,0.779129
2594,2024/12/31,0,0.747144,0.206169,2.942639,0.746363
2594,2025/3/31,0,0.81059,0.229773,2.414534,0.707134
2594,2025/6/30,0,0.760945,0.213725,2.457986,0.710814
2714,2010/12/31,1,1.001997,0.349473,1.190875,0.543561
2714,2011/12/31,1,1.150114,0.143757,1.042598,0.510428
2714,2012/12/31,1,1.085079,0.267722,1.083526,0.520044
2714,2013/6/30,1,0.949923,0.269239,1.959377,0.662091
2714,2013/12/31,0,0.909742,0.124875,1.57357,0.611435
2714,2014/3/31,0,1.379094,0.44735,0.975153,0.49371
2714,2014/6/30,0,1.241162,0.40845,1.058057,0.514105
2714,2014/9/30,0,1.105758,0.211714,1.081875,0.519664
2714,2014/12/31,0,0.915643,0.185442,1.11439,0.52705
2714,2015/3/31,0,0.793072,0.201575,1.246697,0.554902
2714,2015/6/30,0,0.724179,0.181297,1.608219,0.616597
2714,2015/9/30,0,0.674266,0.181344,1.540552,0.606385
2714,2015/12/31,0,0.870298,0.238707,1.006678,0.501664
2714,2016/3/31,0,0.759082,0.159837,1.05789,0.514065
2714,2016/6/30,0,0.640842,0.123452,1.018311,0.504536
2714,2016/9/30,0,0.741294,0.196753,1.141627,0.533065
2714,2016/12/31,0,0.715866,0.149666,1.284102,0.562191
2714,2017/3/31,0,0.645257,0.118954,1.31435,0.567913
2714,2017/6/30,0,1.001746,0.257755,0.908041,0.475902
2714,2017/9/30,0,0.850717,0.200423,0.952282,0.487779
2714,2017/12/31,0,1.050359,0.501681,0.887836,0.470293
2714,2018/3/31,0,0.92564,0.253133,1.06549,0.515853
2714,2018/6/30,0,0.747673,0.093269,1.159767,0.536987
2714,2018/9/30,0,0.80475,0.117781,1.249534,0.555464
2714,2018/12/31,0,0.719822,0.176593,1.177025,0.540658
2714,2019/3/31,0,0.681713,0.139749,1.365073,0.57718
2714,2019/6/30,0,0.583959,0.084465,1.326174,0.57011
2714,2019/9/30,0,0.842703,0.213935,0.858397,0.461902
2714,2019/12/31,0,1.078331,0.547698,0.667738,0.400385
2714,2020/3/31,0,1.23175,0.783334,0.734568,0.423488
2714,2020/6/30,0,1.154813,0.730917,0.830569,0.453722
2714,2020/9/30,0,1.142285,0.638055,0.764936,0.433407
2714,2020/12/31,0,0.894429,0.319427,0.855031,0.460925
2714,2021/3/31,0,0.841174,0.167315,0.92562,0.480687
2714,2021/6/30,0,0.644537,0.082622,1.131803,0.530914
2714,2021/9/30,0,0.709717,0.128546,1.36799,0.577701
2714,2021/12/31,0,0.623184,0.107466,1.583894,0.612987
2714,2022/3/31,0,0.598288,0.116909,1.872192,0.651834
2714,2022/6/30,0,0.573507,0.071222,1.983474,0.66482
2714,2022/9/30,0,0.655866,0.113431,1.595076,0.614655
2714,2022/12/31,0,0.800571,0.229128,1.190834,0.543553
2714,2023/3/31,0,0.794139,0.23589,1.291914,0.563683
2714,2023/6/30,0,0.710266,0.169419,1.503662,0.600585
2714,2023/9/30,0,0.702164,0.157121,1.478351,0.596506
2714,2023/12/31,0,0.671703,0.145537,1.639295,0.621111
2714,2024/3/31,0,0.663278,0.157217,1.746466,0.635896
2714,2024/6/30,0,0.682655,0.159258,1.618332,0.618078
2714,2024/9/30,0,0.748901,0.185666,1.402847,0.583827
2714,2024/12/31,0,0.717374,0.15027,1.420143,0.586801
2714,2025/3/31,0,0.796113,0.209963,1.45093,0.591992
2714,2025/6/30,0,0.793308,0.203758,1.275666,0.560568
600030,1999/12/31,1,1.309201,0.904532,2.695534,0.729403
600030,2000/12/31,1,1.166766,1.0006,4.865909,0.829523
600030,2001/12/31,1,1.172643,0.992475,4.611562,0.821796
600030,2002/6/30,1,1.197916,0.92376,3.90878,0.796283
600030,2002/12/31,0,1.245984,0.679971,2.643636,0.725549
600048,2003/12/31,1,2.090398,0.226011,2.44337,0.709587
600048,2004/12/31,1,1.769518,0.108966,4.375986,0.813988
600048,2005/12/31,1,1.413663,0.127592,5.66254,0.849907
600048,2006/6/30,0,1.627346,0.130351,6.382619,0.864547
600048,2006/9/30,0,1.852151,0.230021,3.020454,0.751272
600048,2006/12/31,0,1.837312,0.103852,3.117178,0.757115
600048,2007/3/31,0,1.666807,0.081691,3.580719,0.781694
600048,2007/6/30,0,1.675403,0.137861,3.915324,0.796555
600048,2007/9/30,0,2.141414,0.445896,2.188814,0.686404
600048,2007/12/31,0,2.14816,0.244629,2.186315,0.686158
600048,2008/3/31,0,2.219894,0.100461,2.548542,0.718194
600048,2008/6/30,0,2.464457,0.188434,2.356576,0.702077
600048,2008/9/30,0,2.596188,0.232175,2.751258,0.733423
600048,2008/12/31,0,2.726723,0.280289,2.421915,0.707766
600048,2009/3/31,0,2.621704,0.289842,2.559033,0.719025
600048,2009/6/30,0,2.13216,0.323011,2.691959,0.729141
600048,2009/9/30,0,2.067175,0.439486,2.190319,0.686552
600048,2009/12/31,0,2.314826,0.398286,2.331809,0.699863
600048,2010/3/31,0,2.331292,0.301821,2.992776,0.749548
600048,2010/6/30,0,2.454044,0.259697,3.305425,0.767735
600048,2010/9/30,0,2.335833,0.242401,3.743365,0.789179
600048,2010/12/31,0,2.128864,0.277683,3.757227,0.789793
600048,2011/3/31,0,2.008095,0.188995,4.377643,0.814045
600048,2011/6/30,0,1.932425,0.194288,4.287957,0.810891
600048,2011/9/30,0,1.877121,0.217657,4.191848,0.80739
600048,2011/12/31,0,1.906878,0.18413,3.636094,0.784301
600048,2012/3/31,0,1.858819,0.168127,3.743787,0.789198
600048,2012/6/30,0,1.821815,0.218798,3.911141,0.796381
600048,2012/9/30,0,1.695065,0.261038,4.104384,0.80409
600048,2012/12/31,0,1.730804,0.231934,3.585082,0.781901
600048,2013/3/31,0,1.738269,0.235267,3.842561,0.793498
600048,2013/6/30,0,1.723718,0.217416,3.821844,0.79261
600048,2013/9/30,0,1.779974,0.207063,4.049529,0.801962
600048,2013/12/31,0,1.818399,0.198711,3.539775,0.779725
600048,2014/3/31,0,1.882023,0.192496,3.787763,0.791134
600048,2014/6/30,0,1.869088,0.209487,3.891339,0.795557
600048,2014/9/30,0,1.889721,0.187803,4.082304,0.803239
600048,2014/12/31,0,1.873106,0.210086,3.522756,0.778896
600048,2015/3/31,0,1.961862,0.192042,3.518084,0.778667
600048,2015/6/30,0,1.808693,0.189743,3.437598,0.774653
600048,2015/9/30,0,1.733269,0.187791,3.504555,0.778002
600048,2015/12/31,0,1.73407,0.166553,3.157212,0.759454
600048,2016/3/31,0,1.813817,0.190059,3.237759,0.764026
600048,2016/6/30,0,1.772993,0.198217,2.977833,0.748607
600048,2016/9/30,0,1.733103,0.207033,2.934507,0.745839
600048,2016/12/31,0,1.734965,0.186288,2.962651,0.747644
600048,2017/3/31,0,1.812999,0.227004,3.239862,0.764143
600048,2017/6/30,0,1.758294,0.210364,3.723279,0.788283
600048,2017/9/30,0,1.779395,0.197464,3.984803,0.79939
600048,2017/12/31,0,1.780292,0.186618,3.401246,0.772792
600048,2018/3/31,0,1.846388,0.187889,3.639797,0.784473
600048,2018/6/30,0,1.784804,0.225737,3.834761,0.793165
600048,2018/9/30,0,1.772693,0.215753,3.968054,0.798714
600048,2018/12/31,0,1.722829,0.254161,3.538979,0.779686
600048,2019/3/31,0,1.777412,0.277069,3.749144,0.789436
600048,2019/6/30,0,1.658951,0.237764,3.824278,0.792715
600048,2019/9/30,0,1.633699,0.212589,3.91263,0.796443
600048,2019/12/31,0,1.562317,0.231739,3.501567,0.777855
600048,2020/3/31,0,1.635526,0.20628,3.488326,0.7772
600048,2020/6/30,0,1.630332,0.205234,3.476269,0.7766
600048,2020/9/30,0,1.59953,0.186732,3.534301,0.779459
600048,2020/12/31,0,1.511425,0.193253,3.693163,0.786924
600048,2021/3/31,0,1.574754,0.172109,3.685496,0.786575
600048,2021/6/30,0,1.567115,0.194329,3.543969,0.779928
600048,2021/9/30,0,1.578217,0.164604,3.531457,0.77932
600048,2021/12/31,0,1.523346,0.207934,3.621546,0.783622
600048,2022/3/31,0,1.553579,0.168764,3.584366,0.781867
600048,2022/6/30,0,1.559767,0.19051,3.451399,0.775352
600048,2022/9/30,0,1.56198,0.156201,3.527697,0.779137
600048,2022/12/31,0,1.543905,0.208294,3.563945,0.780891
600048,2023/3/31,0,1.555491,0.184027,3.51539,0.778535
600048,2023/6/30,0,1.565029,0.183143,3.345504,0.769877
600048,2023/9/30,0,1.546656,0.172906,3.302634,0.767584
600048,2023/12/31,0,1.558916,0.180177,3.263496,0.765451
600048,2024/3/31,0,1.627425,0.166266,3.146042,0.758806
600048,2024/6/30,0,1.641504,0.196013,3.04997,0.753085
600048,2024/9/30,0,1.638327,0.172369,2.982405,0.748895
600048,2024/12/31,0,1.615099,0.183363,2.897786,0.743444
600048,2025/3/31,0,1.66256,0.209222,2.854364,0.740554
600048,2025/6/30,0,1.657915,0.199951,2.77749,0.735274
600754,1998/6/30,0,1.083095,0.37712,0.601516,0.375592
600754,1998/12/31,0,0.96439,0.302044,0.562076,0.359826
600754,1999/12/31,0,1.3631,0.429794,0.575594,0.365319
600754,2000/6/30,0,1.10972,0.616049,0.377652,0.274127
600754,2000/12/31,0,1.174652,0.909826,0.501807,0.334135
600754,2001/6/30,0,2.308387,1.977439,0.299462,0.230451
600754,2001/12/31,0,2.10031,1.552122,0.292957,0.226579
600754,2002/6/30,0,1.797333,1.150373,0.241687,0.194644
600754,2002/12/31,0,1.232797,0.561707,0.433259,0.302289
600754,2003/3/31,0,1.264675,0.755597,0.393506,0.282385
600754,2003/6/30,0,1.195143,0.805615,0.362539,0.266076
600754,2003/12/31,0,1.682729,1.218532,0.28293,0.220534
600754,2004/3/31,0,2.085021,0.927879,0.206213,0.170959
600754,2004/6/30,0,2.09277,0.73575,0.225041,0.183701
600754,2004/9/30,0,2.198363,0.921115,0.209981,0.173541
600754,2004/12/31,0,2.622583,0.872273,0.166912,0.143038
600754,2005/3/31,0,3.078803,2.496967,0.157123,0.135787
600754,2005/6/30,0,2.436117,2.019405,0.209009,0.172876
600754,2005/9/30,0,2.436327,2.047298,0.209699,0.173348
600754,2005/12/31,0,2.430983,2.083204,0.211974,0.1749
600754,2006/3/31,0,2.067387,1.65157,0.287072,0.223043
600754,2006/6/30,0,2.501046,2.005995,0.210113,0.173631
600754,2006/9/30,0,2.393215,2.034597,0.205523,0.170485
600754,2006/12/31,0,2.363439,2.104387,0.195463,0.163504
600754,2007/3/31,0,3.447582,2.725527,0.109971,0.099075
600754,2007/6/30,0,2.719113,2.114917,0.123277,0.109748
600754,2007/9/30,0,2.946758,2.545834,0.111229,0.100095
600754,2007/12/31,0,2.959421,2.615516,0.240031,0.193568
600754,2008/3/31,0,3.811217,3.056983,0.187571,0.157945
600754,2008/6/30,0,3.208852,2.402739,0.195928,0.16383
600754,2008/9/30,0,3.459005,2.97637,0.188154,0.158358
600754,2008/12/31,0,4.045524,3.553273,0.139365,0.122318
600754,2009/3/31,0,3.948171,3.186984,0.182846,0.154581
600754,2009/6/30,0,3.771762,3.115451,0.191221,0.160525
600754,2009/9/30,0,3.950461,3.515605,0.186827,0.157417
600754,2009/12/31,0,3.912093,3.529378,0.192014,0.161083
600754,2010/3/31,0,5.009205,4.115815,0.171437,0.146347
600754,2010/6/30,0,1.157432,0.893855,0.307076,0.234934
600754,2010/9/30,0,1.319248,1.094611,0.234524,0.189971
600754,2010/12/31,0,0.998108,0.837778,0.270568,0.212951
600754,2011/3/31,0,1.052676,0.800289,0.240295,0.193741
600754,2011/6/30,0,0.955554,0.707877,0.315602,0.239892
600754,2011/9/30,0,1.017076,0.811785,0.256889,0.204385
600754,2011/12/31,0,0.957382,0.750297,0.236851,0.191495
600754,2012/3/31,0,1.151609,0.818849,0.224922,0.183621
600754,2012/6/30,0,1.006362,0.6998,0.25549,0.203498
600754,2012/9/30,0,1.022872,0.773345,0.277656,0.217317
600754,2012/12/31,0,1.030293,0.828577,0.262977,0.20822
600754,2013/3/31,0,1.227359,0.89701,0.243539,0.195843
600754,2013/6/30,0,0.321349,0.186507,0.681385,0.405252
600754,2013/9/30,0,0.410647,0.298544,0.684436,0.406329
600754,2013/12/31,0,0.369434,0.285985,0.616842,0.38151
600754,2014/3/31,0,0.413776,0.315587,0.603888,0.376515
600754,2014/6/30,0,0.349727,0.236762,0.621326,0.383221
600754,2014/9/30,0,0.442548,0.342864,0.601439,0.375562
600754,2014/12/31,0,1.942455,1.828007,0.301906,0.231895
600754,2015/3/31,0,0.598923,0.533236,2.006594,0.667398
600754,2015/6/30,0,1.270553,0.474718,2.144886,0.682023
600754,2015/9/30,0,1.292438,0.477874,2.249219,0.692234
600754,2015/12/31,0,0.773583,0.519038,2.189139,0.686436
600754,2016/3/31,0,0.609473,0.348678,3.400501,0.772753
600754,2016/6/30,0,0.504547,0.316675,3.667468,0.785751
600754,2016/9/30,0,0.642741,0.3915,2.175521,0.685091
600754,2016/12/31,0,0.802856,0.526947,2.086749,0.676035
600754,2017/3/31,0,0.850095,0.537225,2.042159,0.671286
600754,2017/6/30,0,0.891475,0.426452,1.970176,0.66332
600754,2017/9/30,0,0.916935,0.458918,1.962586,0.662457
600754,2017/12/31,0,1.788462,1.423847,1.980328,0.664467
600754,2018/3/31,0,1.715211,1.303632,2.132958,0.680813
600754,2018/6/30,0,1.352704,0.991148,1.940004,0.659864
600754,2018/9/30,0,1.385239,1.020836,1.903046,0.655534
600754,2018/12/31,0,1.221757,0.913419,1.908565,0.656188
600754,2019/3/31,0,1.144586,0.711162,1.822762,0.645737
600754,2019/6/30,0,1.091532,0.725561,1.805355,0.643539
600754,2019/9/30,0,1.090894,0.735951,1.743158,0.635457
600754,2019/12/31,0,1.115886,0.776462,1.707866,0.630706
600754,2020/3/31,0,1.150524,0.670486,1.642088,0.621511
600754,2020/6/30,0,0.977803,0.553462,1.705406,0.63037
600754,2020/9/30,0,1.191867,0.82908,1.904231,0.655675
600754,2020/12/31,0,1.204839,0.868203,1.818948,0.645258
600754,2021/3/31,0,1.712903,1.344099,1.937194,0.659539
600754,2021/6/30,0,1.043073,0.807187,1.879052,0.652663
600754,2021/9/30,0,1.07257,0.801644,1.798212,0.642629
600754,2021/12/31,0,0.782898,0.470063,1.783889,0.64079
600754,2022/3/31,0,0.885433,0.453949,1.756981,0.637284
600754,2022/6/30,0,1.099355,0.515413,1.716975,0.631944
600754,2022/9/30,0,0.873605,0.439432,1.710077,0.631007
600754,2022/12/31,0,0.885864,0.422876,1.765613,0.638417
600754,2023/3/31,0,0.908239,0.466083,1.782507,0.640612
600754,2023/6/30,0,0.958295,0.605217,1.911107,0.656488
600754,2023/9/30,0,1.24807,0.828275,1.83801,0.64764
600754,2023/12/31,0,1.069363,0.671279,1.913904,0.656818
600754,2024/3/31,0,0.898129,0.553542,1.86115,0.65049
600754,2024/6/30,0,0.988411,0.718842,1.73386,0.634217
600754,2024/9/30,0,0.993432,0.709978,1.722177,0.632647
600754,2024/12/31,0,0.890854,0.617788,1.940217,0.659889
600754,2025/3/31,0,0.836025,0.585326,1.884905,0.653368
600754,2025/6/30,0,1.00347,0.614034,1.893092,0.654349
601390,2004/12/31,1,1.015123,0.199797,10.811477,0.915337
601390,2005/12/31,1,0.996139,0.198,11.324229,0.918859
601390,2006/12/31,1,0.990815,0.250617,13.554043,0.931291
601390,2007/6/30,1,0.98039,0.156693,13.089563,0.929025
601390,2007/12/31,0,1.26015,0.415622,2.652039,0.72618
601390,2008/3/31,0,1.283126,0.418843,2.652603,0.726223
601390,2008/6/30,0,1.251017,0.342579,2.849596,0.740233
601390,2008/9/30,0,1.225738,0.296552,3.11326,0.756884
601390,2008/12/31,0,1.161584,0.282979,3.1263,0.757652
601390,2009/3/31,0,1.160369,0.311328,3.242625,0.764297
601390,2009/6/30,0,1.151205,0.274531,3.371264,0.771233
601390,2009/9/30,0,1.164025,0.232941,3.44842,0.775201
601390,2009/12/31,0,1.129132,0.234538,3.698377,0.787161
601390,2010/3/31,0,1.180197,0.268956,3.73782,0.788932
601390,2010/6/30,0,1.143629,0.203845,3.878692,0.795027
601390,2010/9/30,0,1.144488,0.187478,3.801867,0.791748
601390,2010/12/31,0,1.128876,0.207491,4.268594,0.810196
601390,2011/3/31,0,1.160008,0.211372,4.416634,0.815384
601390,2011/6/30,0,1.14696,0.193892,4.77518,0.826845
601390,2011/9/30,0,1.163065,0.160658,4.779763,0.826983
601390,2011/12/31,0,1.177803,0.197185,4.761909,0.826446
601390,2012/3/31,0,1.212524,0.204427,4.762689,0.82647
601390,2012/6/30,0,1.206657,0.168016,5.054025,0.834821
601390,2012/9/30,0,1.210883,0.195715,5.120843,0.836624
601390,2012/12/31,0,1.187336,0.185103,5.21849,0.839189
601390,2013/3/31,0,1.191484,0.200926,5.236975,0.839666
601390,2013/6/30,0,1.198665,0.187721,5.692349,0.850576
601390,2013/9/30,0,1.232434,0.194473,5.598084,0.848441
601390,2013/12/31,0,1.19683,0.18006,5.489675,0.845909
601390,2014/3/31,0,1.203935,0.18091,5.407234,0.843926
601390,2014/6/30,0,1.188623,0.159853,5.640284,0.849404
601390,2014/9/30,0,1.193073,0.169844,5.322785,0.841842
601390,2014/12/31,0,1.157411,0.145772,5.262822,0.840328
601390,2015/3/31,0,1.183272,0.137316,4.878825,0.829898
601390,2015/6/30,0,1.181333,0.129316,4.781201,0.827026
601390,2015/9/30,0,1.209053,0.169373,4.351069,0.813121
601390,2015/12/31,0,1.201856,0.19833,4.119526,0.804669
601390,2016/3/31,0,1.209311,0.162273,4.034094,0.801355
601390,2016/6/30,0,1.188373,0.159999,4.108564,0.80425
601390,2016/9/30,0,1.201726,0.168995,4.027585,0.801097
601390,2016/12/31,0,1.174308,0.226667,4.058416,0.80231
601390,2017/3/31,0,1.184924,0.174062,3.835806,0.793209
601390,2017/6/30,0,1.175444,0.152107,3.773768,0.790522
601390,2017/9/30,0,1.16803,0.154711,3.803404,0.791814
601390,2017/12/31,0,1.134718,0.200593,3.9734,0.79893
601390,2018/3/31,0,1.071045,0.148469,3.767313,0.790238
601390,2018/6/30,0,1.108125,0.152424,3.664389,0.78561
601390,2018/9/30,0,1.093911,0.139155,3.684047,0.786509
601390,2018/12/31,0,1.046944,0.189197,3.243536,0.764347
601390,2019/3/31,0,1.034154,0.136878,3.263658,0.76546
601390,2019/6/30,0,1.06052,0.146142,3.403972,0.772932
601390,2019/9/30,0,1.062348,0.151339,3.401251,0.772792
601390,2019/12/31,0,1.049548,0.204406,3.302621,0.767584
601390,2020/3/31,0,1.056202,0.182288,3.236872,0.763977
601390,2020/6/30,0,1.024651,0.162551,3.284265,0.766588
601390,2020/9/30,0,1.038437,0.176733,3.262594,0.765401
601390,2020/12/31,0,1.051965,0.206289,2.831878,0.739031
601390,2021/3/31,0,1.05028,0.175457,2.8496,0.740233
601390,2021/6/30,0,1.030699,0.160321,2.891544,0.743033
601390,2021/9/30,0,1.042923,0.166842,2.901818,0.743709
601390,2021/12/31,0,1.016408,0.187997,2.800068,0.736847
601390,2022/3/31,0,1.039008,0.150032,2.796045,0.736568
601390,2022/6/30,0,1.05896,0.181992,2.859029,0.740867
601390,2022/9/30,0,1.051069,0.20196,2.822175,0.738369
601390,2022/12/31,0,1.028846,0.234708,2.8131,0.737746
601390,2023/3/31,0,1.035282,0.200534,2.80396,0.737116
601390,2023/6/30,0,1.010297,0.187103,2.951665,0.746942
601390,2023/9/30,0,1.002526,0.174907,2.87632,0.742023
601390,2023/12/31,0,0.995105,0.194084,2.977889,0.74861
601390,2024/3/31,0,0.991759,0.1485,2.943963,0.746448
601390,2024/6/30,0,0.992992,0.136214,3.252153,0.764825
601390,2024/9/30,0,0.977496,0.129051,3.347262,0.76997
601390,2024/12/31,0,0.990515,0.156312,3.423127,0.773916
601390,2025/3/31,0,0.958493,0.108536,3.405604,0.773016
601390,2025/6/30,0,0.961173,0.115586,3.563137,0.780853
601919,2005/12/31,1,1.065818,0.590507,1.136027,0.531841
601919,2006/12/31,1,1.048011,0.47169,1.118536,0.527976
601919,2007/6/30,0,1.648703,1.057194,0.79194,0.441945
601919,2007/9/30,0,1.808346,1.147829,0.843105,0.457437
601919,2007/12/31,0,1.251196,0.857948,1.104444,0.524815
601919,2008/3/31,0,1.320338,0.850671,0.967929,0.491851
601919,2008/6/30,0,1.713616,1.05391,0.838304,0.45602
601919,2008/9/30,0,1.890604,1.230635,0.802726,0.445285
601919,2008/12/31,0,1.839171,1.319775,0.910241,0.476506
601919,2009/3/31,0,1.663018,1.232457,1.038009,0.509325
601919,2009/6/30,0,1.756178,1.370418,1.379329,0.579713
601919,2009/9/30,0,2.059216,1.570047,1.45478,0.592631
601919,2009/12/31,0,2.039241,1.629181,1.596229,0.614826
601919,2010/3/31,0,2.008859,1.555523,1.602348,0.615732
601919,2010/6/30,0,2.006785,1.495138,1.466982,0.594646
601919,2010/9/30,0,2.176279,1.642615,1.478516,0.596533
601919,2010/12/31,0,2.14858,1.638975,1.424758,0.587588
601919,2011/3/31,0,1.839079,1.364257,1.496481,0.599436
601919,2011/6/30,0,1.51343,1.072842,1.659004,0.623919
601919,2011/9/30,0,1.355129,0.934058,1.812008,0.644382
601919,2011/12/31,0,1.339653,0.992543,2.138035,0.681329
601919,2012/3/31,0,1.31467,0.9315,2.351309,0.701609
601919,2012/6/30,0,1.315175,0.881083,2.439893,0.709293
601919,2012/9/30,0,1.385784,0.888753,2.565521,0.719536
601919,2012/12/31,0,1.590033,1.16118,2.962539,0.747637
601919,2013/3/31,0,1.748112,1.274239,3.314071,0.7682
601919,2013/6/30,0,1.505995,1.165307,3.053064,0.753273
601919,2013/9/30,0,1.21722,0.957984,3.200146,0.761913
601919,2013/12/31,0,1.347093,1.001766,2.844958,0.739919
601919,2014/3/31,0,1.264101,0.996531,2.93037,0.745571
601919,2014/6/30,0,1.380998,1.025797,2.729384,0.731859
601919,2014/9/30,0,1.442713,1.101451,2.649655,0.726001
601919,2014/12/31,0,1.436305,1.121667,2.464327,0.711344
601919,2015/3/31,0,1.338931,1.033064,2.466369,0.711514
601919,2015/6/30,0,1.506305,1.175488,2.421316,0.707715
601919,2015/9/30,0,1.437048,1.10533,2.46616,0.711496
601919,2015/12/31,0,1.60065,1.250276,2.297761,0.696764
601919,2016/3/31,0,1.720648,1.325956,1.793813,0.642066
601919,2016/6/30,0,1.593318,1.20564,2.005136,0.667236
601919,2016/9/30,0,1.387182,0.997647,2.232648,0.690656
601919,2016/12/31,0,1.354079,0.960835,2.186587,0.686185
601919,2017/3/31,0,1.300602,0.876953,2.129304,0.68044
601919,2017/6/30,0,0.981455,0.618225,1.987021,0.665218
601919,2017/9/30,0,1.06708,0.736445,2.08144,0.675476
601919,2017/12/31,0,0.906884,0.591799,2.047088,0.671818
601919,2018/3/31,0,0.854254,0.513427,1.983639,0.664839
601919,2018/6/30,0,0.819702,0.535536,2.329289,0.699636
601919,2018/9/30,0,0.671554,0.357996,3.144195,0.758699
601919,2018/12/31,0,0.679263,0.369881,3.048485,0.752994
601919,2019/3/31,0,0.813994,0.458971,3.124892,0.757569
601919,2019/6/30,0,0.840674,0.402642,3.075854,0.754653
601919,2019/9/30,0,0.958372,0.497422,3.095617,0.755837
601919,2019/12/31,0,1.026609,0.706609,2.793463,0.736389
601919,2020/3/31,0,0.966531,0.606667,2.58604,0.721141
601919,2020/6/30,0,0.945524,0.656254,2.587774,0.721276
601919,2020/9/30,0,0.94433,0.661014,2.398138,0.705721
601919,2020/12/31,0,0.972438,0.711166,2.455353,0.710594
601919,2021/3/31,0,1.155373,0.882844,2.01082,0.667865
601919,2021/6/30,0,1.47419,1.200915,1.70272,0.630002
601919,2021/9/30,0,1.668862,1.416524,1.447429,0.591408
601919,2021/12/31,0,1.669257,1.466741,1.312797,0.567623
601919,2022/3/31,0,1.731527,1.549652,1.261583,0.557832
601919,2022/6/30,0,1.717399,1.533455,1.060974,0.514793
601919,2022/9/30,0,1.833302,1.671774,1.003527,0.50088
601919,2022/12/31,0,1.638541,1.478296,1.018668,0.504624
601919,2023/3/31,0,1.711846,1.543447,0.926467,0.480915
601919,2023/6/30,0,1.620015,1.455656,0.943947,0.485583
601919,2023/9/30,0,1.639956,1.474999,0.907701,0.475809
601919,2023/12/31,0,1.589975,1.422183,0.901284,0.47404
601919,2024/3/31,0,1.572497,1.384428,0.837334,0.455733
601919,2024/6/30,0,1.608178,1.396539,0.814542,0.448897
601919,2024/9/30,0,1.635803,1.43113,0.802759,0.445295
601919,2024/12/31,0,1.678604,1.500025,0.745157,0.426986
601919,2025/3/31,0,1.713332,1.516637,0.723182,0.419678
601919,2025/6/30,0,1.557409,1.348374,0.762136,0.432507
