Stkcd,Accper,bes
2594,2011/6/30,0.12
2594,2011/9/30,0.1531
2594,2011/12/31,0.6
2594,2012/3/31,0.01
2594,2012/6/30,0.01
2594,2012/9/30,0.0089
2594,2012/12/31,0.03
2594,2013/3/31,0.05
2594,2013/6/30,0.18
2594,2013/9/30,0.1976
2594,2013/12/31,0.23
2594,2014/3/31,0.01
2594,2014/6/30,0.15
2594,2014/9/30,0.1624
2594,2014/12/31,0.18
2594,2015/3/31,0.05
2594,2015/6/30,0.19
2594,2015/9/30,0.7873
2594,2015/12/31,1.12
2594,2016/3/31,0.32
2594,2016/6/30,0.87
2594,2016/9/30,1.3835
2594,2016/12/31,1.88
2594,2017/3/31,0.2
2594,2017/6/30,0.59
2594,2017/9/30,0.96
2594,2017/12/31,1.4
2594,2018/3/31,0.02
2594,2018/6/30,0.13
2594,2018/9/30,0.49
2594,2018/12/31,0.93
2594,2019/3/31,0.25
2594,2019/6/30,0.49
2594,2019/9/30,0.51
2594,2019/12/31,0.5
2594,2020/3/31,0.02
2594,2020/6/30,0.56
2594,2020/9/30,1.18
2594,2020/12/31,1.47
2594,2021/3/31,0.08
2594,2021/6/30,0.41
2594,2021/9/30,0.85
2594,2021/12/31,1.06
2594,2022/3/31,0.28
2594,2022/6/30,1.24
2594,2022/9/30,3.2
2594,2022/12/31,5.71
2594,2023/3/31,1.42
2594,2023/6/30,3.77
2594,2023/9/30,7.35
2594,2023/12/31,10.32
2594,2024/3/31,1.57
2594,2024/6/30,4.68
2594,2024/9/30,8.68
2594,2024/12/31,13.84
2594,2025/3/31,3.12
2594,2025/6/30,1.71
2714,2013/12/31,1.43
2714,2014/3/31,-0.26
2714,2014/6/30,-0.34
2714,2014/9/30,0.01
2714,2014/12/31,0.33
2714,2015/3/31,-0.08
2714,2015/6/30,0.1
2714,2015/9/30,0.58
2714,2015/12/31,1.23
2714,2016/3/31,0.71
2714,2016/6/30,2.07
2714,2016/9/30,1.7
2714,2016/12/31,2.25
2714,2017/3/31,0.66
2714,2017/6/30,1.12
2714,2017/9/30,1.64
2714,2017/12/31,2.12
2714,2018/3/31,0.12
2714,2018/6/30,-0.04
2714,2018/9/30,0.17
2714,2018/12/31,0.17
2714,2019/3/31,-0.26
2714,2019/6/30,-0.07
2714,2019/9/30,0.66
2714,2019/12/31,2.82
2714,2020/3/31,1.87
2714,2020/6/30,2.93
2714,2020/9/30,5.7
2714,2020/12/31,7.46
2714,2021/3/31,1.89
2714,2021/6/30,1.82
2714,2021/9/30,1.66
2714,2021/12/31,1.28
2714,2022/3/31,-0.99
2714,2022/6/30,-1.28
2714,2022/9/30,0.29
2714,2022/12/31,2.49
2714,2023/3/31,-0.22
2714,2023/6/30,-0.52
2714,2023/9/30,-0.34
2714,2023/12/31,-0.79
2714,2024/3/31,-0.44
2714,2024/6/30,0.15
2714,2024/9/30,1.94
2714,2024/12/31,3.3
2714,2025/3/31,0.83
2714,2025/6/30,1.96
600030,2007/3/31,0.42
600030,2007/6/30,1.41
600030,2007/9/30,2.77
600030,2007/12/31,4.01
600030,2008/3/31,0.76
600030,2008/6/30,0.72
600030,2008/9/30,0.89
600030,2008/12/31,1.1
600030,2009/3/31,0.23
600030,2009/6/30,0.58
600030,2009/9/30,0.95
600030,2009/12/31,1.35
600030,2010/3/31,0.23
600030,2010/6/30,0.26
600030,2010/9/30,0.4
600030,2010/12/31,1.14
600030,2011/3/31,0.14
600030,2011/6/30,0.3
600030,2011/9/30,0.34
600030,2011/12/31,1.23
600030,2012/3/31,0.08
600030,2012/6/30,0.2
600030,2012/9/30,0.27
600030,2012/12/31,0.38
600030,2013/3/31,0.09
600030,2013/6/30,0.19
600030,2013/9/30,0.34
600030,2013/12/31,0.48
600030,2014/3/31,0.12
600030,2014/6/30,0.37
600030,2014/9/30,0.58
600030,2014/12/31,1.03
600030,2015/3/31,0.35
600030,2015/6/30,1.13
600030,2015/9/30,1.4
600030,2015/12/31,1.71
600030,2016/3/31,0.14
600030,2016/6/30,0.43
600030,2016/9/30,0.66
600030,2016/12/31,0.86
600030,2017/3/31,0.19
600030,2017/6/30,0.41
600030,2017/9/30,0.65
600030,2017/12/31,0.94
600030,2018/3/31,0.22
600030,2018/6/30,0.46
600030,2018/9/30,0.6
600030,2018/12/31,0.77
600030,2019/3/31,0.35
600030,2019/6/30,0.53
600030,2019/9/30,0.87
600030,2019/12/31,1.01
600030,2020/3/31,0.32
600030,2020/6/30,0.7
600030,2020/9/30,0.99
600030,2020/12/31,1.16
600030,2021/3/31,0.4
600030,2021/6/30,0.94
600030,2021/9/30,1.36
600030,2021/12/31,1.77
600030,2022/3/31,0.36
600030,2022/6/30,0.76
600030,2022/9/30,1.11
600030,2022/12/31,1.42
600030,2023/3/31,0.36
600030,2023/6/30,0.75
600030,2023/9/30,1.08
600030,2023/12/31,1.3
600030,2024/3/31,0.32
600030,2024/6/30,0.69
600030,2024/9/30,1.09
600030,2024/12/31,1.41
600030,2025/3/31,0.42
600030,2025/6/30,0.89
600048,2007/3/31,0.07
600048,2007/6/30,0.25
600048,2007/9/30,0.5
600048,2007/12/31,1.3
600048,2008/3/31,0.11
600048,2008/6/30,0.42
600048,2008/9/30,0.52
600048,2008/12/31,0.91
600048,2009/3/31,0.13
600048,2009/6/30,0.44
600048,2009/9/30,0.55
600048,2009/12/31,1.06
600048,2010/3/31,0.16
600048,2010/6/30,0.36
600048,2010/9/30,0.5
600048,2010/12/31,1.08
600048,2011/3/31,0.15
600048,2011/6/30,0.47
600048,2011/9/30,0.58
600048,2011/12/31,1.1
600048,2012/3/31,0.09
600048,2012/6/30,0.35
600048,2012/9/30,0.54
600048,2012/12/31,1.18
600048,2013/3/31,0.1
600048,2013/6/30,0.48
600048,2013/9/30,0.65
600048,2013/12/31,1.51
600048,2014/3/31,0.11
600048,2014/6/30,0.36
600048,2014/9/30,0.57
600048,2014/12/31,1.14
600048,2015/3/31,0.12
600048,2015/6/30,0.46
600048,2015/9/30,0.6
600048,2015/12/31,1.15
600048,2016/3/31,0.13
600048,2016/6/30,0.46
600048,2016/9/30,0.64
600048,2016/12/31,1.1
600048,2017/3/31,0.16
600048,2017/6/30,0.48
600048,2017/9/30,0.7
600048,2017/12/31,1.32
600048,2018/3/31,0.16
600048,2018/6/30,0.55
600048,2018/9/30,0.81
600048,2018/12/31,1.59
600048,2019/3/31,0.2
600048,2019/6/30,0.84
600048,2019/9/30,1.08
600048,2019/12/31,2.35
600048,2020/3/31,0.2
600048,2020/6/30,0.85
600048,2020/9/30,1.11
600048,2020/12/31,2.42
600048,2021/3/31,0.21
600048,2021/6/30,0.86
600048,2021/9/30,1.13
600048,2021/12/31,2.29
600048,2022/3/31,0.21
600048,2022/6/30,0.9
600048,2022/9/30,1.09
600048,2022/12/31,1.53
600048,2023/3/31,0.23
600048,2023/6/30,1.02
600048,2023/9/30,1.11
600048,2023/12/31,1.01
600048,2024/3/31,0.19
600048,2024/6/30,0.62
600048,2024/9/30,0.66
600048,2024/12/31,0.42
600048,2025/3/31,0.16
600048,2025/6/30,0.23
600754,2007/3/31,0.09
600754,2007/6/30,0.22
600754,2007/9/30,0.32
600754,2007/12/31,0.4373
600754,2008/3/31,0.11
600754,2008/6/30,0.27
600754,2008/9/30,0.359
600754,2008/12/31,0.4529
600754,2009/3/31,0.1643
600754,2009/6/30,0.3056
600754,2009/9/30,0.3632
600754,2009/12/31,0.4658
600754,2010/3/31,0.0929
600754,2010/6/30,0.3824
600754,2010/9/30,0.5795
600754,2010/12/31,0.6309
600754,2011/3/31,0.1263
600754,2011/6/30,0.3194
600754,2011/9/30,0.4568
600754,2011/12/31,0.5313
600754,2012/3/31,0.1398
600754,2012/6/30,0.3726
600754,2012/9/30,0.5446
600754,2012/12/31,0.612
600754,2013/3/31,0.1555
600754,2013/6/30,0.2786
600754,2013/9/30,0.55
600754,2013/12/31,0.6257
600754,2014/3/31,0.1601
600754,2014/6/30,0.3088
600754,2014/9/30,0.5621
600754,2014/12/31,0.7857
600754,2015/3/31,0.191
600754,2015/6/30,0.3623
600754,2015/9/30,0.5765
600754,2015/12/31,0.7925
600754,2016/3/31,0.2046
600754,2016/6/30,0.3718
600754,2016/9/30,0.603
600754,2016/12/31,0.7998
600754,2017/3/31,0.2078
600754,2017/6/30,0.4306
600754,2017/9/30,0.743
600754,2017/12/31,0.9205
600754,2018/3/31,0.2406
600754,2018/6/30,0.5255
600754,2018/9/30,0.9102
600754,2018/12/31,1.13
600754,2019/3/31,0.3083
600754,2019/6/30,0.5927
600754,2019/9/30,0.9116
600754,2019/12/31,1.1405
600754,2020/3/31,0.178
600754,2020/6/30,0.2978
600754,2020/9/30,0.3141
600754,2020/12/31,0.1151
600754,2021/3/31,-0.1836
600754,2021/6/30,0.0046
600754,2021/9/30,0.0937
600754,2021/12/31,0.0966
600754,2022/3/31,-0.1122
600754,2022/6/30,-0.1102
600754,2022/9/30,0.0392
600754,2022/12/31,0.1061
600754,2023/3/31,0.1217
600754,2023/6/30,0.4889
600754,2023/9/30,0.9112
600754,2023/12/31,0.9362
600754,2024/3/31,0.1775
600754,2024/6/30,0.7921
600754,2024/9/30,1.0341
600754,2024/12/31,0.8535
600754,2025/3/31,0.0337
600754,2025/6/30,0.35
601390,2007/12/31,0.24
601390,2008/3/31,0.02
601390,2008/6/30,0.09
601390,2008/9/30,0.06
601390,2008/12/31,0.05
601390,2009/3/31,0.05
601390,2009/6/30,0.14
601390,2009/9/30,0.23
601390,2009/12/31,0.32
601390,2010/3/31,0.08
601390,2010/6/30,0.15
601390,2010/9/30,0.25
601390,2010/12/31,0.35
601390,2011/3/31,0.08
601390,2011/6/30,0.12
601390,2011/9/30,0.17
601390,2011/12/31,0.31
601390,2012/3/31,0.04
601390,2012/6/30,0.112
601390,2012/9/30,0.2
601390,2012/12/31,0.345
601390,2013/3/31,0.07
601390,2013/6/30,0.164
601390,2013/9/30,0.29
601390,2013/12/31,0.44
601390,2014/3/31,0.09
601390,2014/6/30,0.191
601390,2014/9/30,0.33
601390,2014/12/31,0.482
601390,2015/3/31,0.1
601390,2015/6/30,0.215
601390,2015/9/30,0.344
601390,2015/12/31,0.53
601390,2016/3/31,0.1
601390,2016/6/30,0.224
601390,2016/9/30,0.39
601390,2016/12/31,0.517
601390,2017/3/31,0.107
601390,2017/6/30,0.31
601390,2017/9/30,0.452
601390,2017/12/31,0.669
601390,2018/3/31,0.131
601390,2018/6/30,0.394
601390,2018/9/30,0.562
601390,2018/12/31,0.718
601390,2019/3/31,0.15
601390,2019/6/30,0.399
601390,2019/9/30,0.613
601390,2019/12/31,0.95
601390,2020/3/31,0.132
601390,2020/6/30,0.425
601390,2020/9/30,0.69
601390,2020/12/31,0.963
601390,2021/3/31,0.238
601390,2021/6/30,0.454
601390,2021/9/30,0.731
601390,2021/12/31,1.037
601390,2022/3/31,0.294
601390,2022/6/30,0.551
601390,2022/9/30,0.871
601390,2022/12/31,1.198
601390,2023/3/31,0.305
601390,2023/6/30,0.605
601390,2023/9/30,0.913
601390,2023/12/31,1.294
601390,2024/3/31,0.289
601390,2024/6/30,0.532
601390,2024/9/30,0.784
601390,2024/12/31,1.085
601390,2025/3/31,0.245
601390,2025/6/30,0.412
601919,2007/6/30,0.12
601919,2007/9/30,0.2
601919,2007/12/31,2.05
601919,2008/3/31,0.6
601919,2008/6/30,1.39
601919,2008/9/30,1.93
601919,2008/12/31,1.06
601919,2009/3/31,-0.33
601919,2009/6/30,-0.45
601919,2009/9/30,-0.52
601919,2009/12/31,-0.74
601919,2010/3/31,0.09
601919,2010/6/30,0.35
601919,2010/9/30,0.55
601919,2010/12/31,0.66
601919,2011/3/31,-0.05
601919,2011/6/30,-0.27
601919,2011/9/30,-0.47
601919,2011/12/31,-1.02
601919,2012/3/31,-0.26
601919,2012/6/30,-0.48
601919,2012/9/30,-0.63
601919,2012/12/31,-0.94
601919,2013/3/31,-0.19
601919,2013/6/30,-0.1
601919,2013/9/30,-0.2
601919,2013/12/31,0.02
601919,2014/3/31,-0.18
601919,2014/6/30,-0.22
601919,2014/9/30,-0.06
601919,2014/12/31,0.04
601919,2015/3/31,-0.1
601919,2015/6/30,0.19
601919,2015/9/30,0.02
601919,2015/12/31,0.03
601919,2016/3/31,-0.44
601919,2016/6/30,-0.71
601919,2016/9/30,-0.9
601919,2016/12/31,-0.97
601919,2017/3/31,0.03
601919,2017/6/30,0.18
601919,2017/9/30,0.27
601919,2017/12/31,0.26
601919,2018/3/31,0.02
601919,2018/6/30,0.004
601919,2018/9/30,0.08
601919,2018/12/31,0.12
601919,2019/3/31,0.06
601919,2019/6/30,0.1
601919,2019/9/30,0.18
601919,2019/12/31,0.56
601919,2020/3/31,0.02
601919,2020/6/30,0.09
601919,2020/9/30,0.31
601919,2020/12/31,0.81
601919,2021/3/31,1.26
601919,2021/6/30,2.33
601919,2021/9/30,4.23
601919,2021/12/31,5.59
601919,2022/3/31,1.72
601919,2022/6/30,4.04
601919,2022/9/30,6.06
601919,2022/12/31,6.83
601919,2023/3/31,0.44
601919,2023/6/30,1.03
601919,2023/9/30,1.37
601919,2023/12/31,1.48
601919,2024/3/31,0.42
601919,2024/6/30,1.05
601919,2024/9/30,2.38
601919,2024/12/31,3.08
601919,2025/3/31,0.74
601919,2025/6/30,1.12
