Stkcd,Accper,TTM,ROCA,ROE
2594,2008/12/31,,,
2594,2008/12/31,,,
2594,2009/12/31,,,
2594,2009/12/31,,,
2594,2010/12/31,,,
2594,2010/12/31,,,
2594,2011/3/31,0.009006,0.005879,0.015213
2594,2011/3/31,0.000301,-0.002279,-0.005763
2594,2011/6/30,0.014909,0.006916,0.017916
2594,2011/6/30,0.001592,-0.004451,-0.010471
2594,2011/9/30,0.020626,0.008858,0.02322
2594,2011/9/30,-0.000926,-0.009748,-0.02367
2594,2011/12/31,0.042142,0.026901,0.070686
2594,2011/12/31,0.072531,0.06641,0.162209
2594,2012/3/31,0.004794,0.000813,0.002232
2594,2012/3/31,0.000915,-0.001293,-0.003412
2594,2012/6/30,0.008454,0.001572,0.004341
2594,2012/6/30,0.001544,-0.004034,-0.010893
2594,2012/9/30,0.012232,0.002088,0.005787
2594,2012/9/30,0.001679,-0.007577,-0.021775
2594,2012/12/31,-0.001491,0.00317,0.008847
2594,2012/12/31,0.015409,0.003602,0.011332
2594,2013/3/31,0.006201,0.00226,0.006436
2594,2013/3/31,0.003424,0.001241,0.004565
2594,2013/6/30,0.016358,0.007622,0.021989
2594,2013/6/30,0.007228,0.000874,0.003028
2594,2013/9/30,0.021552,0.008646,0.025546
2594,2013/9/30,0.010691,0.00033,0.001194
2594,2013/12/31,0.027461,0.010694,0.031667
2594,2013/12/31,0.019134,0.002721,0.00972
2594,2014/3/31,0.005692,0.001139,0.003514
2594,2014/3/31,0.009534,0.000991,0.003238
2594,2014/6/30,0.015616,0.00682,0.02099
2594,2014/6/30,0.015627,0.000754,0.002211
2594,2014/9/30,0.020533,0.007391,0.023093
2594,2014/9/30,0.022229,0.000138,0.000411
2594,2014/12/31,0.026311,0.008602,0.02753
2594,2014/12/31,0.028238,0.000041,0.000124
2594,2015/3/31,0.006514,0.001646,0.00529
2594,2015/3/31,0.016272,0.009453,0.025625
2594,2015/6/30,0.015419,0.006596,0.021406
2594,2015/6/30,0.01406,0.002084,0.005748
2594,2015/9/30,0.037685,0.021753,0.070961
2594,2015/9/30,0.058718,0.029852,0.081432
2594,2015/12/31,0.050035,0.02996,0.096673
2594,2015/12/31,0.064136,0.028604,0.074705
2594,2016/3/31,0.012601,0.007885,0.024623
2594,2016/3/31,0.005825,0.000081,0.000195
2594,2016/6/30,0.030911,0.020817,0.066003
2594,2016/6/30,0.013208,0.001494,0.00371
2594,2016/9/30,0.046836,0.031848,0.087615
2594,2016/9/30,0.01801,0.002305,0.004465
2594,2016/12/31,0.0598,0.042064,0.119862
2594,2016/12/31,0.024884,0.005102,0.010026
2594,2017/3/31,0.009619,0.005363,0.013985
2594,2017/3/31,0.01047,0.007158,0.012255
2594,2017/6/30,0.024262,0.014492,0.038465
2594,2017/6/30,0.011854,0.004465,0.007815
2594,2017/9/30,0.037595,0.022349,0.060583
2594,2017/9/30,0.016348,0.004989,0.008961
2594,2017/12/31,0.049108,0.030429,0.08524
2594,2017/12/31,0.020116,0.005107,0.009211
2594,2018/3/31,0.006213,0.001467,0.004398
2594,2018/3/31,0.009327,0.00616,0.011701
2594,2018/6/30,0.013255,0.004734,0.014655
2594,2018/6/30,0.011657,0.003663,0.007634
2594,2018/9/30,0.025067,0.011594,0.035828
2594,2018/9/30,0.016983,0.003245,0.006519
2594,2018/12/31,0.039621,0.019085,0.05895
2594,2018/12/31,0.027839,0.004493,0.009129
2594,2019/3/31,0.011255,0.004517,0.014466
2594,2019/3/31,0.008278,0.002327,0.005053
2594,2019/6/30,0.016865,0.008357,0.026819
2594,2019/6/30,0.017231,0.005862,0.013071
2594,2019/9/30,0.020956,0.009648,0.030769
2594,2019/9/30,0.021115,0.004155,0.009444
2594,2019/12/31,0.027909,0.01086,0.03437
2594,2019/12/31,0.026534,0.004103,0.009387
2594,2020/3/31,0.006909,0.001664,0.005137
2594,2020/3/31,0.006293,0.001411,0.003317
2594,2020/6/30,0.023353,0.012121,0.036721
2594,2020/6/30,0.012322,0.00275,0.006284
2594,2020/9/30,0.044522,0.024981,0.075147
2594,2020/9/30,0.018855,0.003569,0.008079
2594,2020/12/31,0.053674,0.030323,0.094667
2594,2020/12/31,0.023893,0.004336,0.010026
2594,2021/3/31,0.005891,0.002406,0.006661
2594,2021/3/31,0.003719,0.000599,0.001072
2594,2021/6/30,0.014908,0.008543,0.023556
2594,2021/6/30,0.009738,0.002961,0.005155
2594,2021/9/30,0.023399,0.014558,0.042362
2594,2021/12/31,0.025382,0.015971,0.047034
2594,2021/12/31,0.018652,0.007526,0.012016
2594,2022/3/31,0.003177,0.002975,0.008697
2594,2022/6/30,0.011666,0.012258,0.037372
2594,2022/6/30,0.018243,0.01815,0.0239
2594,2022/9/30,0.029859,0.027668,0.09214
2594,2022/12/31,0.049293,0.044864,0.157007
2594,2022/12/31,0.047289,0.04603,0.058983
2594,2023/3/31,0.010035,0.008396,0.035317
2594,2023/6/30,0.022667,0.021087,0.090867
2594,2023/6/30,0.007303,0.008059,0.010339
2594,2023/9/30,0.044387,0.039971,0.170134
2594,2023/12/31,0.061008,0.053424,0.230597
2594,2023/12/31,0.099511,0.101545,0.142446
2594,2024/3/31,0.008139,0.00703,0.031243
2594,2024/6/30,0.025329,0.020667,0.092523
2594,2024/6/30,0.007726,0.008332,0.014323
2594,2024/9/30,0.044807,0.036359,0.164425
2594,2024/12/31,0.069583,0.056857,0.238224
2594,2024/12/31,0.104826,0.108706,0.176237
2594,2025/3/31,0.011433,0.01163,0.042455
2594,2025/6/30,0.019222,0.019683,0.072339
2594,2025/6/30,0.002004,0.006194,0.008803
2714,2010/12/31,,,
2714,2010/12/31,,,
2714,2011/12/31,,,
2714,2011/12/31,,,
2714,2012/12/31,,,
2714,2012/12/31,,,
2714,2013/6/30,,,
2714,2013/6/30,,,
2714,2013/12/31,0.141357,0.113058,0.266046
2714,2013/12/31,0.131306,0.097488,0.197493
2714,2014/3/31,-0.007368,-0.01609,-0.035652
2714,2014/3/31,-0.001227,-0.007706,-0.015016
2714,2014/6/30,-0.00779,-0.02289,-0.051892
2714,2014/6/30,0.000632,-0.010759,-0.021038
2714,2014/9/30,0.022919,0.000757,0.001726
2714,2014/9/30,0.033584,0.015921,0.031805
2714,2014/12/31,0.04985,0.021811,0.050045
2714,2014/12/31,0.044617,0.021977,0.043857
2714,2015/3/31,0.002425,-0.004779,-0.01042
2714,2015/3/31,0.001301,-0.00357,-0.006702
2714,2015/6/30,0.023196,0.010088,0.023842
2714,2015/6/30,0.01596,0.006767,0.013739
2714,2015/9/30,0.076809,0.057288,0.134111
2714,2015/9/30,0.051236,0.036183,0.072158
2714,2015/12/31,0.129322,0.106527,0.217852
2714,2015/12/31,0.088069,0.07036,0.126264
2714,2016/3/31,0.053666,0.048824,0.099287
2714,2016/3/31,0.02606,0.022205,0.040479
2714,2016/6/30,0.140233,0.13126,0.264261
2714,2016/6/30,0.07789,0.070285,0.122826
2714,2016/9/30,0.208753,0.195846,0.408636
2714,2016/9/30,0.280317,0.270719,0.479352
2714,2016/12/31,0.249428,0.232203,0.50567
2714,2016/12/31,0.279552,0.266532,0.500179
2714,2017/3/31,0.054074,0.049264,0.113312
2714,2017/3/31,0.013748,0.009599,0.019785
2714,2017/6/30,0.088283,0.079182,0.162495
2714,2017/6/30,0.02041,0.011924,0.022264
2714,2017/9/30,0.126889,0.113567,0.235583
2714,2017/9/30,0.049711,0.036665,0.06904
2714,2017/12/31,0.14483,0.12795,0.25715
2714,2017/12/31,0.043716,0.027318,0.051625
2714,2018/3/31,0.009948,0.005373,0.010624
2714,2018/3/31,0.049707,0.045135,0.086739
2714,2018/6/30,0.006715,-0.003168,-0.006396
2714,2018/6/30,0.049873,0.038695,0.076283
2714,2018/9/30,0.028754,0.013551,0.027988
2714,2018/9/30,0.05095,0.032954,0.065673
2714,2018/12/31,0.039505,0.0196,0.039939
2714,2018/12/31,0.060489,0.03727,0.078841
2714,2019/3/31,-0.012359,-0.018274,-0.041465
2714,2019/3/31,0.008035,0.002016,0.004957
2714,2019/6/30,0.005555,-0.004893,-0.011013
2714,2019/6/30,0.022025,0.011001,0.027177
2714,2019/9/30,0.057269,0.043367,0.086207
2714,2019/9/30,0.024011,0.008806,0.018783
2714,2019/12/31,0.165527,0.153187,0.279021
2714,2019/12/31,0.038133,0.023358,0.056392
2714,2020/3/31,0.075267,0.073388,0.125155
2714,2020/3/31,0.006598,0.00433,0.011821
2714,2020/6/30,0.170843,0.166965,0.294832
2714,2020/6/30,0.011143,0.006378,0.018955
2714,2020/9/30,0.300956,0.294623,0.509958
2714,2020/9/30,0.016211,0.009234,0.029282
2714,2020/12/31,0.353936,0.346124,0.621054
2714,2020/12/31,0.157146,0.149514,0.399879
2714,2021/3/31,0.063599,0.060443,0.114386
2714,2021/3/31,0.005775,0.003174,0.008734
2714,2021/6/30,0.08759,0.080601,0.16118
2714,2021/6/30,0.010161,0.005949,0.018616
2714,2021/9/30,0.07699,0.066577,0.141242
2714,2021/12/31,0.065279,0.050942,0.113408
2714,2021/12/31,0.050763,0.041797,0.139787
2714,2022/3/31,-0.028093,-0.031881,-0.086817
2714,2022/6/30,-0.033499,-0.041168,-0.114108
2714,2022/6/30,0.00105,-0.005972,-0.025608
2714,2022/9/30,0.021535,0.010076,0.026094
2714,2022/12/31,0.095646,0.080675,0.19063
2714,2022/12/31,0.042436,0.030948,0.128017
2714,2023/3/31,-0.002422,-0.00614,-0.013759
2714,2023/6/30,-0.006987,-0.014494,-0.033865
2714,2023/6/30,0.009745,0.004906,0.0237
2714,2023/9/30,0.002932,-0.00878,-0.02041
2714,2023/12/31,-0.005747,-0.021464,-0.051421
2714,2023/12/31,0.029046,0.018413,0.081826
2714,2024/3/31,-0.008348,-0.012543,-0.033765
2714,2024/6/30,0.013318,0.005296,0.013923
2714,2024/6/30,0.009142,0.003664,0.017028
2714,2024/9/30,0.069818,0.058166,0.146391
2714,2024/12/31,0.114198,0.098812,0.249715
2714,2024/12/31,0.03954,0.028744,0.137575
2714,2025/3/31,0.027714,0.023945,0.058328
2714,2025/6/30,0.065122,0.057686,0.135327
2714,2025/6/30,0.061158,0.055904,0.283508
600030,2007/3/31,0.021055,0.016609,0.094625
600030,2007/3/31,0.025059,0.019786,0.05759
600030,2007/6/30,0.060558,0.043965,0.302297
600030,2007/6/30,0.053153,0.041232,0.152077
600030,2007/9/30,0.09384,0.068537,0.297175
600030,2007/9/30,0.088239,0.07062,0.173388
600030,2007/12/31,0.156989,0.106839,0.399055
600030,2007/12/31,0.167081,0.12714,0.283864
600030,2008/3/31,0.017473,0.01351,0.050781
600030,2008/3/31,0.015882,0.012508,0.029146
600030,2008/6/30,0.030851,0.024438,0.095751
600030,2008/6/30,0.04543,0.039593,0.090022
600030,2008/9/30,0.047848,0.037834,0.118077
600030,2008/9/30,0.067324,0.059121,0.113402
600030,2008/12/31,0.058561,0.049306,0.144334
600030,2008/12/31,0.046032,0.06778,0.129116
600030,2009/3/31,0.016182,0.012242,0.029345
600030,2009/3/31,0.00927,0.007172,0.011835
600030,2009/6/30,0.040787,0.03072,0.074261
600030,2009/6/30,0.047846,0.040703,0.069067
600030,2009/9/30,0.059384,0.044956,0.120414
600030,2009/9/30,0.063497,0.052841,0.091749
600030,2009/12/31,0.077406,0.058704,0.16492
600030,2009/12/31,0.081176,0.066438,0.121595
600030,2010/3/31,0.009811,0.007714,0.024719
600030,2010/3/31,0.005689,0.004744,0.009523
600030,2010/6/30,0.020498,0.015727,0.047522
600030,2010/6/30,0.019747,0.017863,0.033289
600030,2010/9/30,0.03165,0.024211,0.069893
600030,2010/9/30,0.041096,0.036923,0.065064
600030,2010/12/31,0.09067,0.067425,0.178916
600030,2010/12/31,0.13546,0.111328,0.20729
600030,2011/3/31,0.012074,0.009247,0.018993
600030,2011/3/31,0.008965,0.007136,0.012302
600030,2011/6/30,0.028046,0.020932,0.042945
600030,2011/6/30,0.023097,0.018801,0.032654
600030,2011/9/30,0.033065,0.024444,0.048791
600030,2011/9/30,0.03263,0.027774,0.046833
600030,2011/12/31,0.099722,0.083624,0.159714
600030,2011/12/31,0.080417,0.065792,0.108814
600030,2012/3/31,0.007561,0.005804,0.009888
600030,2012/3/31,0.007722,0.005976,0.009319
600030,2012/6/30,0.019524,0.015107,0.026209
600030,2012/6/30,0.020594,0.016079,0.02578
600030,2012/9/30,0.025264,0.019553,0.033962
600030,2012/9/30,0.026641,0.020745,0.033254
600030,2012/12/31,0.034643,0.02719,0.049596
600030,2012/12/31,0.032662,0.025599,0.042779
600030,2013/3/31,0.007485,0.005612,0.01154
600030,2013/3/31,0.007113,0.005323,0.010227
600030,2013/6/30,0.01478,0.011485,0.024651
600030,2013/6/30,0.01285,0.010031,0.020048
600030,2013/9/30,0.021668,0.017064,0.042532
600030,2013/9/30,0.019968,0.015829,0.034129
600030,2013/12/31,0.031128,0.024135,0.060289
600030,2013/12/31,0.023092,0.018004,0.040321
600030,2014/3/31,0.00643,0.004838,0.015921
600030,2014/3/31,0.004436,0.003306,0.009623
600030,2014/6/30,0.019061,0.014183,0.047926
600030,2014/6/30,0.017671,0.013399,0.040297
600030,2014/9/30,0.027958,0.020856,0.073342
600030,2014/9/30,0.024279,0.018499,0.057546
600030,2014/12/31,0.041071,0.031589,0.124508
600030,2014/12/31,0.031517,0.024405,0.087859
600030,2015/3/31,0.009919,0.007519,0.038019
600030,2015/3/31,0.009216,0.006974,0.032382
600030,2015/6/30,0.026972,0.020304,0.108963
600030,2015/6/30,0.025398,0.019253,0.093978
600030,2015/9/30,0.039252,0.029183,0.138095
600030,2015/9/30,0.042197,0.031748,0.142255
600030,2015/12/31,0.049806,0.037163,0.167666
600030,2015/12/31,0.04796,0.036268,0.154933
600030,2016/3/31,0.004019,0.002983,0.012629
600030,2016/3/31,0.002968,0.002215,0.008897
600030,2016/6/30,0.012359,0.009264,0.039145
600030,2016/6/30,0.010257,0.007704,0.030671
600030,2016/9/30,0.018883,0.014351,0.058788
600030,2016/9/30,0.016613,0.013022,0.049823
600030,2016/12/31,0.023506,0.018098,0.076384
600030,2016/12/31,0.020421,0.016084,0.064022
600030,2017/3/31,0.005304,0.00398,0.016505
600030,2017/3/31,0.004849,0.00364,0.013809
600030,2017/6/30,0.011362,0.008614,0.035398
600030,2017/6/30,0.009688,0.007331,0.027562
600030,2017/9/30,0.017761,0.013567,0.056283
600030,2017/9/30,0.015721,0.011953,0.04539
600030,2017/12/31,0.026449,0.019587,0.080135
600030,2017/12/31,0.0241,0.018718,0.071246
600030,2018/3/31,0.005671,0.004354,0.018153
600030,2018/3/31,0.005112,0.003868,0.01465
600030,2018/6/30,0.011524,0.009075,0.037983
600030,2018/6/30,0.01086,0.008435,0.032107
600030,2018/9/30,0.015547,0.012394,0.049645
600030,2018/9/30,0.015791,0.012197,0.044513
600030,2018/12/31,0.019497,0.015448,0.063724
600030,2018/12/31,0.020993,0.01706,0.066061
600030,2019/3/31,0.008651,0.006569,0.027358
600030,2019/3/31,0.007866,0.006032,0.023109
600030,2019/6/30,0.012974,0.009679,0.042102
600030,2019/6/30,0.01159,0.008898,0.036666
600030,2019/9/30,0.020905,0.0157,0.067712
600030,2019/9/30,0.018116,0.013907,0.055989
600030,2019/12/31,0.023524,0.017508,0.078493
600030,2019/12/31,0.026356,0.021345,0.090345
600030,2020/3/31,0.006456,0.004928,0.024366
600030,2020/3/31,0.006552,0.005118,0.023198
600030,2020/6/30,0.013441,0.010437,0.053381
600030,2020/6/30,0.011941,0.0093,0.04434
600030,2020/9/30,0.018499,0.014285,0.075092
600030,2020/9/30,0.019445,0.016121,0.0779
600030,2020/12/31,0.022194,0.016823,0.08833
600030,2020/12/31,0.021573,0.017867,0.086532
600030,2021/3/31,0.006216,0.004854,0.028437
600030,2021/3/31,0.005628,0.004503,0.023834
600030,2021/6/30,0.014663,0.011336,0.066732
600030,2021/6/30,0.013439,0.01047,0.055791
600030,2021/9/30,0.021044,0.016153,0.092833
600030,2021/12/31,0.027358,0.020591,0.120118
600030,2021/12/31,0.02623,0.020318,0.107297
600030,2022/3/31,0.005362,0.004104,0.023431
600030,2022/3/31,0.006256,0.004956,0.025163
600030,2022/6/30,0.011485,0.008659,0.05034
600030,2022/6/30,0.012278,0.009477,0.04861
600030,2022/9/30,0.017297,0.013159,0.073558
600030,2022/9/30,0.018264,0.014218,0.069944
600030,2022/12/31,0.022382,0.017139,0.0939
600030,2022/12/31,0.022035,0.017096,0.082693
600030,2023/3/31,0.005338,0.004097,0.02159
600030,2023/3/31,0.006138,0.004882,0.022277
600030,2023/6/30,0.011042,0.008595,0.045093
600030,2023/6/30,0.010876,0.008673,0.039232
600030,2023/9/30,0.016039,0.012544,0.064895
600030,2023/9/30,0.01452,0.011608,0.052636
600030,2023/12/31,0.018961,0.014873,0.077133
600030,2023/12/31,0.016997,0.013555,0.061787
600030,2024/3/31,0.004391,0.003418,0.018433
600030,2024/3/31,0.004837,0.003974,0.019132
600030,2024/6/30,0.009464,0.007449,0.039314
600030,2024/6/30,0.010283,0.008342,0.038857
600030,2024/9/30,0.013767,0.010958,0.061646
600030,2024/9/30,0.01314,0.010788,0.051921
600030,2024/12/31,0.017963,0.014279,0.078851
600030,2024/12/31,0.014821,0.012253,0.059284
600030,2025/3/31,0.004741,0.003864,0.022298
600030,2025/3/31,0.005532,0.004915,0.02407
600030,2025/6/30,0.010087,0.008041,0.046405
600030,2025/6/30,0.010838,0.009221,0.044964
600048,2007/3/31,0.007072,0.004188,0.018215
600048,2007/3/31,0.011691,0.007771,0.016199
600048,2007/6/30,0.026581,0.015853,0.071788
600048,2007/6/30,0.036533,0.024158,0.051057
600048,2007/9/30,0.034838,0.021839,0.074828
600048,2007/9/30,0.032404,0.021898,0.038715
600048,2007/12/31,0.082615,0.056732,0.193234
600048,2007/12/31,0.03478,0.024853,0.047158
600048,2008/3/31,0.00941,0.006864,0.023126
600048,2008/3/31,0.002239,0.001797,0.003514
600048,2008/6/30,0.040982,0.032427,0.106221
600048,2008/6/30,0.007361,0.006805,0.013529
600048,2008/9/30,0.04744,0.037038,0.129105
600048,2008/9/30,0.014016,0.012466,0.026828
600048,2008/12/31,0.084422,0.064398,0.213534
600048,2008/12/31,0.021398,0.019947,0.041202
600048,2009/3/31,0.009072,0.006522,0.022764
600048,2009/3/31,0.013521,0.010434,0.023311
600048,2009/6/30,0.034868,0.02587,0.092124
600048,2009/6/30,0.052768,0.044259,0.095777
600048,2009/9/30,0.039001,0.029016,0.095167
600048,2009/9/30,0.049039,0.040934,0.075069
600048,2009/12/31,0.074066,0.055871,0.188003
600048,2009/12/31,0.07065,0.0606,0.110044
600048,2010/3/31,0.007922,0.005775,0.021157
600048,2010/3/31,0.004645,0.003887,0.006508
600048,2010/6/30,0.022797,0.01733,0.066339
600048,2010/6/30,0.010909,0.010334,0.018427
600048,2010/9/30,0.029389,0.021966,0.089211
600048,2010/9/30,0.015288,0.013648,0.024766
600048,2010/12/31,0.060309,0.045468,0.186677
600048,2010/12/31,0.017928,0.014747,0.028032
600048,2011/3/31,0.00585,0.004158,0.021068
600048,2011/3/31,0.001193,0.000916,0.002215
600048,2011/6/30,0.02372,0.017246,0.086763
600048,2011/6/30,0.010459,0.00979,0.024285
600048,2011/9/30,0.028343,0.02052,0.102441
600048,2011/9/30,0.012215,0.011486,0.029812
600048,2011/12/31,0.060254,0.04242,0.198886
600048,2011/12/31,0.034693,0.032217,0.074832
600048,2012/3/31,0.005462,0.00336,0.01576
600048,2012/3/31,0.001346,-0.000432,-0.001057
600048,2012/6/30,0.023197,0.015805,0.075502
600048,2012/6/30,0.014181,0.009208,0.023333
600048,2012/9/30,0.031762,0.021414,0.104553
600048,2012/9/30,0.022074,0.012321,0.031681
600048,2012/12/31,0.064656,0.044729,0.206076
600048,2012/12/31,0.03144,0.033876,0.087945
600048,2013/3/31,0.004878,0.002601,0.012266
600048,2013/3/31,0.002769,-0.000169,-0.00049
600048,2013/6/30,0.021126,0.013757,0.064767
600048,2013/6/30,0.014157,0.007494,0.023089
600048,2013/9/30,0.028807,0.018464,0.089162
600048,2013/9/30,0.019334,0.010526,0.033132
600048,2013/12/31,0.060474,0.04199,0.191466
600048,2013/12/31,0.049793,0.043293,0.132058
600048,2014/3/31,0.004679,0.002693,0.012563
600048,2014/3/31,0.005008,0.003034,0.010506
600048,2014/6/30,0.019462,0.012583,0.05938
600048,2014/6/30,0.017724,0.013355,0.049134
600048,2014/9/30,0.029938,0.019586,0.094329
600048,2014/9/30,0.054403,0.048765,0.178269
600048,2014/12/31,0.059741,0.041875,0.189719
600048,2014/12/31,0.076301,0.070373,0.248639
600048,2015/3/31,0.007802,0.004257,0.019242
600048,2015/3/31,0.003597,0.000803,0.003005
600048,2015/6/30,0.024243,0.015837,0.070932
600048,2015/6/30,0.016001,0.009104,0.035072
600048,2015/9/30,0.034187,0.021155,0.09548
600048,2015/9/30,0.021215,0.01177,0.046387
600048,2015/12/31,0.065563,0.043731,0.189062
600048,2015/12/31,0.043947,0.040187,0.156877
600048,2016/3/31,0.010305,0.006044,0.025373
600048,2016/3/31,0.004846,0.002236,0.008926
600048,2016/6/30,0.026387,0.016672,0.067727
600048,2016/6/30,0.020602,0.014784,0.057917
600048,2016/9/30,0.036818,0.024028,0.097031
600048,2016/9/30,0.025356,0.019392,0.075958
600048,2016/12/31,0.0586,0.039166,0.15864
600048,2016/12/31,0.045932,0.044653,0.181131
600048,2017/3/31,0.008556,0.005142,0.021095
600048,2017/3/31,0.001194,-0.000314,-0.001362
600048,2017/6/30,0.020831,0.013639,0.059343
600048,2017/6/30,0.002736,0.000254,0.001182
600048,2017/9/30,0.028122,0.018453,0.082894
600048,2017/9/30,0.003107,-0.000577,-0.002848
600048,2017/12/31,0.048248,0.033797,0.142412
600048,2017/12/31,0.019158,0.018057,0.082375
600048,2018/3/31,0.006478,0.003905,0.017662
600048,2018/3/31,0.000834,-0.000892,-0.004844
600048,2018/6/30,0.019183,0.01233,0.057023
600048,2018/6/30,0.003349,-0.00088,-0.005208
600048,2018/9/30,0.026626,0.017368,0.081576
600048,2018/9/30,0.009209,0.0016,0.009572
600048,2018/12/31,0.049691,0.033869,0.15174
600048,2018/12/31,0.017465,0.016297,0.093118
600048,2019/3/31,0.006482,0.003826,0.017772
600048,2019/3/31,0.001489,-0.000817,-0.005336
600048,2019/6/30,0.021908,0.01457,0.068249
600048,2019/6/30,0.005496,0.001748,0.012019
600048,2019/9/30,0.029313,0.019272,0.091187
600048,2019/9/30,0.005493,-0.000485,-0.003396
600048,2019/12/31,0.056512,0.039957,0.180541
600048,2019/12/31,0.00885,0.00689,0.044936
600048,2020/3/31,0.005644,0.00345,0.015506
600048,2020/3/31,-0.000462,-0.002207,-0.014638
600048,2020/6/30,0.018405,0.012519,0.05619
600048,2020/6/30,0.023946,0.022479,0.14862
600048,2020/9/30,0.025401,0.016805,0.075937
600048,2020/9/30,0.025278,0.022702,0.158599
600048,2020/12/31,0.048759,0.03506,0.161433
600048,2020/12/31,0.03873,0.036037,0.235564
600048,2021/3/31,0.004757,0.002991,0.014027
600048,2021/3/31,0.000079,-0.001244,-0.008119
600048,2021/6/30,0.015481,0.011152,0.051453
600048,2021/6/30,0.002813,0.001066,0.007329
600048,2021/9/30,0.021059,0.014646,0.067467
600048,2021/12/31,0.040297,0.028053,0.130578
600048,2021/12/31,0.025924,0.02342,0.165576
600048,2022/3/31,0.004211,0.002732,0.012574
600048,2022/3/31,-0.000112,-0.000915,-0.007177
600048,2022/6/30,0.015077,0.010537,0.047776
600048,2022/6/30,0.010785,0.009179,0.073411
600048,2022/9/30,0.019327,0.013265,0.060665
600048,2022/9/30,0.028959,0.025765,0.186819
600048,2022/12/31,0.027165,0.01882,0.086421
600048,2022/12/31,0.034536,0.031001,0.229764
600048,2023/3/31,0.004063,0.002718,0.012337
600048,2023/3/31,-0.000579,-0.002384,-0.017119
600048,2023/6/30,0.014834,0.010378,0.046237
600048,2023/6/30,0.019385,0.018556,0.131201
600048,2023/9/30,0.017464,0.011626,0.051535
600048,2023/9/30,0.019837,0.017359,0.123554
600048,2023/12/31,0.019955,0.012309,0.054308
600048,2023/12/31,0.02705,0.027146,0.182211
600048,2024/3/31,0.004301,0.002784,0.011704
600048,2024/3/31,0.000125,-0.002147,-0.014123
600048,2024/6/30,0.011396,0.007569,0.031453
600048,2024/6/30,0.015771,0.013457,0.08891
600048,2024/9/30,0.013901,0.00871,0.035898
600048,2024/9/30,0.015823,0.011677,0.078387
600048,2024/12/31,0.014591,0.007026,0.02866
600048,2024/12/31,0.019058,0.016532,0.10899
600048,2025/3/31,0.004185,0.002527,0.009795
600048,2025/3/31,0.000013,-0.001644,-0.011539
600048,2025/6/30,0.008882,0.004975,0.01909
600048,2025/6/30,0.003336,0.000702,0.004795
600754,2007/3/31,0.027795,0.024467,0.02735
600754,2007/3/31,0.018902,0.018887,0.019638
600754,2007/6/30,0.067139,0.058993,0.066352
600754,2007/6/30,0.047555,0.046474,0.048383
600754,2007/9/30,0.095542,0.084673,0.094715
600754,2007/9/30,0.061041,0.060708,0.062998
600754,2007/12/31,0.073371,0.064689,0.078059
600754,2007/12/31,0.06038,0.060829,0.070736
600754,2008/3/31,0.014915,0.013785,0.016794
600754,2008/3/31,0.010258,0.010644,0.012646
600754,2008/6/30,0.035706,0.033407,0.040825
600754,2008/6/30,0.038433,0.039386,0.046894
600754,2008/9/30,0.046935,0.044251,0.053944
600754,2008/9/30,0.044289,0.04566,0.054192
600754,2008/12/31,0.06406,0.060847,0.073253
600754,2008/12/31,0.056673,0.058124,0.068124
600754,2009/3/31,0.031842,0.027076,0.031498
600754,2009/3/31,0.032932,0.028248,0.031665
600754,2009/6/30,0.058944,0.050516,0.059
600754,2009/6/30,0.079699,0.071633,0.080834
600754,2009/9/30,0.068282,0.060263,0.070236
600754,2009/9/30,0.086307,0.079184,0.089013
600754,2009/12/31,0.080381,0.071793,0.084011
600754,2009/12/31,0.092874,0.086243,0.097818
600754,2010/3/31,0.012523,0.012415,0.014675
600754,2010/3/31,0.011237,0.011719,0.013499
600754,2010/6/30,0.045007,0.037582,0.049926
600754,2010/6/30,0.037816,0.03933,0.044433
600754,2010/9/30,0.069418,0.05734,0.074347
600754,2010/9/30,0.049163,0.050759,0.056553
600754,2010/12/31,0.075665,0.061139,0.080221
600754,2010/12/31,0.064603,0.066114,0.074481
600754,2011/3/31,0.015696,0.013642,0.017122
600754,2011/3/31,0.010512,0.010558,0.011588
600754,2011/6/30,0.040703,0.034647,0.044792
600754,2011/6/30,0.024345,0.024299,0.027205
600754,2011/9/30,0.062098,0.051741,0.065395
600754,2011/9/30,0.029915,0.029766,0.032379
600754,2011/12/31,0.075249,0.061644,0.077324
600754,2011/12/31,0.050191,0.050349,0.054432
600754,2012/3/31,0.0194,0.016374,0.020152
600754,2012/3/31,0.014321,0.013967,0.014912
600754,2012/6/30,0.055928,0.044305,0.055216
600754,2012/6/30,0.057706,0.05348,0.057285
600754,2012/9/30,0.079843,0.063269,0.079575
600754,2012/9/30,0.063833,0.059656,0.063899
600754,2012/12/31,0.09167,0.071488,0.089382
600754,2012/12/31,0.062157,0.058312,0.062571
600754,2013/3/31,0.022448,0.017496,0.021927
600754,2013/3/31,0.015143,0.01335,0.014429
600754,2013/6/30,0.035785,0.027718,0.040658
600754,2013/6/30,0.042988,0.042044,0.051874
600754,2013/9/30,0.072489,0.05321,0.07838
600754,2013/9/30,0.064004,0.055576,0.07088
600754,2013/12/31,0.086833,0.061167,0.088195
600754,2013/12/31,0.069418,0.057496,0.071971
600754,2014/3/31,0.020367,0.013968,0.022494
600754,2014/3/31,0.018532,0.013495,0.019137
600754,2014/6/30,0.039707,0.027082,0.043847
600754,2014/6/30,0.057753,0.05057,0.071494
600754,2014/9/30,0.071027,0.0476,0.076588
600754,2014/9/30,0.074832,0.060458,0.085271
600754,2014/12/31,0.079718,0.053148,0.074788
600754,2014/12/31,0.075428,0.058574,0.07351
600754,2015/3/31,0.011928,0.008208,0.017707
600754,2015/3/31,0.014454,0.011241,0.015884
600754,2015/6/30,0.025623,0.015484,0.034244
600754,2015/6/30,0.030558,0.027368,0.038907
600754,2015/9/30,0.041261,0.024751,0.055577
600754,2015/9/30,0.032909,0.030065,0.042436
600754,2015/12/31,0.054952,0.03342,0.074582
600754,2015/12/31,0.052259,0.042852,0.060524
600754,2016/3/31,0.008396,0.004788,0.0183
600754,2016/3/31,0.013289,0.00924,0.020296
600754,2016/6/30,0.018583,0.008677,0.034347
600754,2016/6/30,0.025698,0.018837,0.043911
600754,2016/9/30,0.029047,0.014596,0.046424
600754,2016/9/30,0.024311,0.017443,0.032363
600754,2016/12/31,0.038326,0.020186,0.063079
600754,2016/12/31,0.030265,0.022071,0.04092
600754,2017/3/31,0.005033,0.004541,0.013915
600754,2017/3/31,0.006073,0.004019,0.007911
600754,2017/6/30,0.015925,0.010432,0.031593
600754,2017/6/30,0.015345,0.01083,0.0204
600754,2017/9/30,0.029685,0.018289,0.055307
600754,2017/9/30,0.015695,0.009728,0.018296
600754,2017/12/31,0.038631,0.022564,0.068436
600754,2017/12/31,0.022728,0.014837,0.028008
600754,2018/3/31,0.008921,0.006366,0.01944
600754,2018/3/31,0.007827,0.005576,0.0101
600754,2018/6/30,0.022604,0.013796,0.04085
600754,2018/6/30,0.020807,0.015578,0.026332
600754,2018/9/30,0.03855,0.023604,0.069461
600754,2018/9/30,0.030137,0.022069,0.037011
600754,2018/12/31,0.046264,0.029338,0.086414
600754,2018/12/31,0.053341,0.043219,0.072314
600754,2019/3/31,0.013563,0.008149,0.023348
600754,2019/3/31,0.007132,0.003918,0.006013
600754,2019/6/30,0.026972,0.016487,0.047103
600754,2019/6/30,0.010045,0.004245,0.006561
600754,2019/9/30,0.040591,0.025758,0.072762
600754,2019/9/30,0.011382,0.002907,0.004463
600754,2019/12/31,0.053115,0.03238,0.090866
600754,2019/12/31,0.048355,0.036678,0.055315
600754,2020/3/31,0.003545,0.004013,0.010736
600754,2020/3/31,0.010701,0.008525,0.012636
600754,2020/6/30,0.009337,0.007819,0.021163
600754,2020/6/30,0.011514,0.006667,0.009938
600754,2020/9/30,0.014614,0.009201,0.025804
600754,2020/9/30,0.012208,0.004808,0.00729
600754,2020/12/31,0.017103,0.00619,0.017098
600754,2020/12/31,0.041594,0.030453,0.045091
600754,2021/3/31,-0.000337,-0.003171,-0.009151
600754,2021/3/31,0.003871,0.001488,0.002113
600754,2021/6/30,0.011685,0.002488,0.007099
600754,2021/6/30,0.015405,0.012108,0.016868
600754,2021/9/30,0.019375,0.005858,0.016445
600754,2021/12/31,0.026357,0.006889,0.019286
600754,2021/12/31,0.055017,0.051384,0.069661
600754,2022/3/31,-0.000299,-0.001893,-0.005243
600754,2022/6/30,0.004416,-0.00117,-0.003219
600754,2022/6/30,0.004279,0.003728,0.004662
600754,2022/9/30,0.013154,0.003157,0.008673
600754,2022/12/31,0.020205,0.005105,0.014144
600754,2022/12/31,0.037625,0.034062,0.042613
600754,2023/3/31,0.008318,0.003914,0.010857
600754,2023/6/30,0.024708,0.013631,0.038533
600754,2023/6/30,0.015411,0.013689,0.01707
600754,2023/9/30,0.042922,0.024397,0.068105
600754,2023/12/31,0.049974,0.025704,0.072345
600754,2023/12/31,0.044876,0.041418,0.051469
600754,2024/3/31,0.010745,0.005039,0.01455
600754,2024/6/30,0.033775,0.019958,0.056336
600754,2024/6/30,0.022871,0.020958,0.026695
600754,2024/9/30,0.048314,0.026082,0.073483
600754,2024/12/31,0.049545,0.023668,0.069261
600754,2024/12/31,0.063816,0.059899,0.074684
600754,2025/3/31,0.005782,0.001132,0.003296
600754,2025/6/30,0.021527,0.008783,0.025617
600754,2025/6/30,0.008345,0.006626,0.008263
601390,2007/6/30,,,
601390,2007/6/30,,,
601390,2007/12/31,0.031385,0.019521,0.101783
601390,2007/12/31,,,
601390,2008/3/31,0.006749,0.002909,0.010623
601390,2008/3/31,0.001539,-0.003023,-0.003685
601390,2008/6/30,0.016869,0.009609,0.036056
601390,2008/6/30,0.003054,0.00017,0.00021
601390,2008/9/30,0.023036,0.007242,0.02813
601390,2008/9/30,-0.000697,-0.020339,-0.025052
601390,2008/12/31,0.030158,0.006121,0.023702
601390,2008/12/31,0.022786,-0.018969,-0.023197
601390,2009/3/31,0.00701,0.003926,0.016433
601390,2009/3/31,0.000721,0.001219,0.001488
601390,2009/6/30,0.015554,0.012067,0.051308
601390,2009/6/30,0.034564,0.043446,0.05441
601390,2009/9/30,0.023858,0.018932,0.081304
601390,2009/9/30,0.03657,0.050748,0.06214
601390,2009/12/31,0.032645,0.026276,0.116248
601390,2009/12/31,0.072958,0.09282,0.119517
601390,2010/3/31,0.007485,0.005454,0.025733
601390,2010/3/31,-0.000266,0.001754,0.002493
601390,2010/6/30,0.016081,0.010974,0.052476
601390,2010/6/30,0.00672,0.007434,0.010223
601390,2010/9/30,0.024435,0.017811,0.084498
601390,2010/9/30,0.007719,0.013143,0.018308
601390,2010/12/31,0.033595,0.023656,0.11805
601390,2010/12/31,0.033938,0.03793,0.054839
601390,2011/3/31,0.006396,0.004318,0.023071
601390,2011/3/31,0.000026,0.00143,0.002308
601390,2011/6/30,0.011892,0.006656,0.036764
601390,2011/6/30,0.033055,0.034845,0.056242
601390,2011/9/30,0.01814,0.009381,0.051863
601390,2011/9/30,0.033746,0.035341,0.056082
601390,2011/12/31,0.029372,0.016826,0.09303
601390,2011/12/31,0.031557,0.033023,0.052885
601390,2012/3/31,0.004907,0.001989,0.011461
601390,2012/3/31,-0.000025,0.00134,0.002231
601390,2012/6/30,0.01181,0.005236,0.030944
601390,2012/6/30,0.021148,0.022089,0.036615
601390,2012/9/30,0.019562,0.009285,0.055201
601390,2012/9/30,0.021644,0.022384,0.037163
601390,2012/12/31,0.029823,0.01576,0.09456
601390,2012/12/31,0.02375,0.023101,0.039607
601390,2013/3/31,0.005848,0.002812,0.017511
601390,2013/3/31,0.000946,0.001503,0.002648
601390,2013/6/30,0.012535,0.006367,0.041216
601390,2013/6/30,0.027874,0.028045,0.049198
601390,2013/9/30,0.020566,0.011362,0.073054
601390,2013/9/30,0.029199,0.029947,0.052911
601390,2013/12/31,0.029212,0.017091,0.108947
601390,2013/12/31,0.030664,0.032193,0.055267
601390,2014/3/31,0.00625,0.003048,0.019653
601390,2014/3/31,0.000315,0.000674,0.001117
601390,2014/6/30,0.013586,0.006666,0.043771
601390,2014/6/30,0.047773,0.048127,0.080231
601390,2014/9/30,0.02231,0.011629,0.07445
601390,2014/9/30,0.046874,0.046833,0.081066
601390,2014/12/31,0.029079,0.016284,0.103723
601390,2014/12/31,0.053845,0.052548,0.093382
601390,2015/3/31,0.006198,0.003164,0.019191
601390,2015/3/31,0.001477,0.002431,0.004402
601390,2015/6/30,0.012644,0.00637,0.038279
601390,2015/6/30,0.045112,0.045595,0.08069
601390,2015/9/30,0.020326,0.010757,0.061935
601390,2015/9/30,0.047643,0.047029,0.08152
601390,2015/12/31,0.026783,0.016877,0.094871
601390,2015/12/31,0.044007,0.041318,0.077208
601390,2016/3/31,0.006186,0.003289,0.016697
601390,2016/3/31,0.002145,0.001913,0.003418
601390,2016/6/30,0.012224,0.007492,0.038314
601390,2016/6/30,0.009499,0.008242,0.014894
601390,2016/9/30,0.021466,0.01287,0.06528
601390,2016/9/30,0.051392,0.049192,0.088321
601390,2016/12/31,0.026994,0.017304,0.088042
601390,2016/12/31,0.057801,0.054438,0.10231
601390,2017/3/31,0.006585,0.003716,0.018374
601390,2017/3/31,0.002777,0.00393,0.007138
601390,2017/6/30,0.015722,0.009923,0.048727
601390,2017/6/30,0.074488,0.075342,0.135834
601390,2017/9/30,0.023099,0.01439,0.07087
601390,2017/9/30,0.077102,0.078561,0.141905
601390,2017/12/31,0.028877,0.01777,0.089084
601390,2017/12/31,0.075681,0.076558,0.148494
601390,2018/3/31,0.006921,0.00414,0.020155
601390,2018/3/31,0.00169,0.003212,0.006017
601390,2018/6/30,0.017413,0.010908,0.052474
601390,2018/6/30,0.009429,0.00904,0.017639
601390,2018/9/30,0.02429,0.015017,0.072364
601390,2018/9/30,0.044463,0.044322,0.086463
601390,2018/12/31,0.033174,0.019499,0.088753
601390,2018/12/31,0.046271,0.037103,0.073992
601390,2019/3/31,0.007317,0.004379,0.018628
601390,2019/3/31,0.00441,0.002125,0.004089
601390,2019/6/30,0.017012,0.011523,0.049837
601390,2019/6/30,0.010941,0.005811,0.011425
601390,2019/9/30,0.025061,0.016961,0.073344
601390,2019/9/30,0.047293,0.039365,0.075938
601390,2019/12/31,0.037222,0.025393,0.108542
601390,2019/12/31,0.049043,0.039861,0.078329
601390,2020/3/31,0.005786,0.003578,0.015276
601390,2020/3/31,0.004088,0.001933,0.003785
601390,2020/6/30,0.015676,0.011278,0.048419
601390,2020/6/30,0.008062,0.003796,0.007698
601390,2020/9/30,0.023854,0.017134,0.073356
601390,2020/9/30,0.013367,0.00701,0.014345
601390,2020/12/31,0.034104,0.024154,0.097551
601390,2020/12/31,0.055295,0.047166,0.093592
601390,2021/3/31,0.008371,0.005697,0.021883
601390,2021/3/31,0.003842,0.001248,0.002483
601390,2021/6/30,0.015949,0.011493,0.044392
601390,2021/6/30,0.009668,0.005368,0.011073
601390,2021/9/30,0.02375,0.017468,0.067576
601390,2021/9/30,0.045607,0.039105,0.079774
601390,2021/12/31,0.032313,0.023787,0.090746
601390,2021/12/31,0.051025,0.042618,0.084821
601390,2022/3/31,0.008177,0.005993,0.02276
601390,2022/3/31,0.003837,0.001546,0.002999
601390,2022/6/30,0.015521,0.011626,0.044539
601390,2022/6/30,0.010082,0.006323,0.012795
601390,2022/9/30,0.022287,0.017087,0.065133
601390,2022/9/30,0.011735,0.006052,0.012247
601390,2022/12/31,0.030769,0.023512,0.089511
601390,2022/12/31,0.061035,0.053059,0.10559
601390,2023/3/31,0.007281,0.005424,0.020658
601390,2023/3/31,0.003207,0.001102,0.002223
601390,2023/6/30,0.014487,0.011015,0.042777
601390,2023/6/30,0.007345,0.002507,0.005212
601390,2023/9/30,0.021047,0.015702,0.060389
601390,2023/9/30,0.032737,0.026182,0.052301
601390,2023/12/31,0.029593,0.021864,0.085255
601390,2023/12/31,0.037343,0.029055,0.058337
601390,2024/3/31,0.005904,0.004354,0.017247
601390,2024/3/31,0.00398,0.001906,0.003726
601390,2024/6/30,0.010944,0.008173,0.033647
601390,2024/6/30,0.006824,0.003512,0.00704
601390,2024/9/30,0.015438,0.01135,0.047312
601390,2024/9/30,0.029759,0.025303,0.049235
601390,2024/12/31,0.022083,0.015056,0.063416
601390,2024/12/31,0.030347,0.024854,0.048687
601390,2025/3/31,0.004334,0.002897,0.012787
601390,2025/3/31,0.004808,0.003379,0.006318
601390,2025/6/30,0.008641,0.005673,0.025493
601390,2025/6/30,0.005491,0.003116,0.005872
601919,2007/6/30,0.033901,0.023513,0.045051
601919,2007/6/30,-0.00231,-0.005857,-0.006881
601919,2007/9/30,0.056503,0.039185,0.076271
601919,2007/9/30,-0.006964,-0.011715,-0.013526
601919,2007/12/31,0.277283,0.216973,0.441259
601919,2007/12/31,0.051098,0.052747,0.05722
601919,2008/3/31,0.074059,0.055304,0.112414
601919,2008/3/31,-0.000107,-0.000066,-0.000068
601919,2008/6/30,0.1653,0.126518,0.248023
601919,2008/6/30,-0.001747,-0.001078,-0.001103
601919,2008/9/30,0.226169,0.174445,0.338006
601919,2008/9/30,-0.002841,-0.000725,-0.000742
601919,2008/12/31,0.134522,0.103288,0.206964
601919,2008/12/31,0.083422,0.068475,0.070764
601919,2009/3/31,-0.02642,-0.026418,-0.052129
601919,2009/3/31,-0.001719,-0.00096,-0.000998
601919,2009/6/30,-0.031101,-0.03343,-0.071317
601919,2009/6/30,-0.002064,-0.000858,-0.000997
601919,2009/9/30,-0.031302,-0.03692,-0.080065
601919,2009/9/30,-0.002948,-0.001286,-0.001515
601919,2009/12/31,-0.043884,-0.052335,-0.117605
601919,2009/12/31,-0.00425,-0.002129,-0.002507
601919,2010/3/31,0.012734,0.007821,0.020329
601919,2010/3/31,-0.001484,-0.001276,-0.001703
601919,2010/6/30,0.037382,0.028017,0.070833
601919,2010/6/30,0.005671,0.005928,0.007854
601919,2010/9/30,0.057471,0.045085,0.114218
601919,2010/9/30,0.004686,0.004793,0.006579
601919,2010/12/31,0.067297,0.055231,0.138295
601919,2010/12/31,0.012087,0.011597,0.015946
601919,2011/3/31,0.000251,-0.000445,-0.001095
601919,2011/3/31,-0.001244,-0.001108,-0.001585
601919,2011/6/30,-0.008489,-0.011347,-0.028809
601919,2011/6/30,0.003604,0.002418,0.003458
601919,2011/9/30,-0.016898,-0.021931,-0.057195
601919,2011/9/30,0.002917,0.001117,0.001589
601919,2011/12/31,-0.049967,-0.057317,-0.157244
601919,2011/12/31,0.002188,-0.000335,-0.000492
601919,2012/3/31,-0.012162,-0.014958,-0.048497
601919,2012/3/31,-0.001146,-0.00221,-0.003336
601919,2012/6/30,-0.01809,-0.026108,-0.085696
601919,2012/6/30,-0.001565,-0.00407,-0.006147
601919,2012/9/30,-0.021615,-0.033126,-0.11063
601919,2012/9/30,-0.002618,-0.006172,-0.009318
601919,2012/12/31,-0.035763,-0.050439,-0.177155
601919,2012/12/31,-0.002937,-0.007848,-0.011863
601919,2013/3/31,-0.006234,-0.010152,-0.041973
601919,2013/3/31,0.013996,0.012379,0.018649
601919,2013/6/30,0.016301,0.006657,0.026677
601919,2013/6/30,0.041481,0.038623,0.057483
601919,2013/9/30,0.01508,0.002225,0.009075
601919,2013/9/30,0.041312,0.037023,0.053601
601919,2013/12/31,0.03122,0.0176,0.06871
601919,2013/12/31,0.042591,0.035967,0.05205
601919,2014/3/31,-0.004495,-0.010083,-0.039194
601919,2014/3/31,0.000773,-0.001043,-0.001449
601919,2014/6/30,-0.000619,-0.010692,-0.040503
601919,2014/6/30,0.000403,-0.002625,-0.003388
601919,2014/9/30,0.016177,0.001883,0.007057
601919,2014/9/30,-0.001169,-0.005181,-0.00669
601919,2014/12/31,0.01741,0.009981,0.036459
601919,2014/12/31,-0.0017,-0.00198,-0.002547
601919,2015/3/31,-0.000292,-0.004943,-0.017129
601919,2015/3/31,-0.000994,-0.002046,-0.002429
601919,2015/6/30,0.024548,0.016806,0.05785
601919,2015/6/30,-0.001528,-0.003757,-0.004463
601919,2015/9/30,0.022206,0.007711,0.026722
601919,2015/9/30,-0.002617,-0.006064,-0.007203
601919,2015/12/31,0.027192,0.012063,0.040764
601919,2015/12/31,-0.00487,-0.00966,-0.011474
601919,2016/3/31,-0.026028,-0.031677,-0.092522
601919,2016/3/31,-0.432093,-0.433607,-0.548758
601919,2016/6/30,-0.039058,-0.048911,-0.147406
601919,2016/6/30,-0.439783,-0.44261,-0.550882
601919,2016/9/30,-0.047581,-0.061202,-0.190111
601919,2016/9/30,-0.44071,-0.444633,-0.553094
601919,2016/12/31,-0.048352,-0.064975,-0.200645
601919,2016/12/31,-0.438651,-0.444143,-0.554432
601919,2017/3/31,0.008395,0.00399,0.0126
601919,2017/3/31,0.000021,-0.002168,-0.002936
601919,2017/6/30,0.041224,0.02789,0.085947
601919,2017/6/30,-0.000036,-0.004455,-0.006044
601919,2017/9/30,0.053218,0.036229,0.113412
601919,2017/9/30,-0.003727,-0.010405,-0.014288
601919,2017/12/31,0.058795,0.038211,0.118895
601919,2017/12/31,-0.003579,-0.012602,-0.017359
601919,2018/3/31,0.00866,0.003776,0.011386
601919,2018/3/31,-0.000193,-0.002457,-0.003456
601919,2018/6/30,0.01478,0.005486,0.017495
601919,2018/6/30,-0.000472,-0.005262,-0.007412
601919,2018/9/30,0.025377,0.011796,0.043154
601919,2018/9/30,-0.000742,-0.007993,-0.011255
601919,2018/12/31,0.037708,0.016751,0.060489
601919,2018/12/31,-0.000119,-0.009687,-0.013614
601919,2019/3/31,0.010684,0.004511,0.018443
601919,2019/3/31,-0.000183,-0.001151,-0.001566
601919,2019/6/30,0.020939,0.008956,0.036389
601919,2019/6/30,-0.000591,-0.002849,-0.003868
601919,2019/9/30,0.031757,0.014313,0.058307
601919,2019/9/30,-0.000698,-0.004523,-0.006134
601919,2019/12/31,0.069096,0.042212,0.164965
601919,2019/12/31,-0.001781,-0.007135,-0.009689
601919,2020/3/31,0.0077,0.002635,0.009722
601919,2020/3/31,-0.000174,-0.001615,-0.002191
601919,2020/6/30,0.016708,0.007504,0.027685
601919,2020/6/30,-0.00043,-0.003293,-0.004448
601919,2020/9/30,0.035891,0.0217,0.077916
601919,2020/9/30,-0.000832,-0.005334,-0.006786
601919,2020/12/31,0.067694,0.049377,0.178424
601919,2020/12/31,0.0018,-0.004262,-0.005402
601919,2021/3/31,0.069998,0.063079,0.202473
601919,2021/3/31,0.029884,0.028419,0.033674
601919,2021/6/30,0.165306,0.14389,0.431815
601919,2021/6/30,0.237588,0.238093,0.276525
601919,2021/9/30,0.294587,0.241705,0.674418
601919,2021/9/30,0.41829,0.419533,0.479572
601919,2021/12/31,0.382218,0.302956,0.806441
601919,2021/12/31,0.797684,0.793614,0.853797
601919,2022/3/31,0.089959,0.07315,0.167155
601919,2022/3/31,-0.000198,0.000759,0.000774
601919,2022/6/30,0.204483,0.168625,0.365636
601919,2022/6/30,-0.000605,0.008996,0.009357
601919,2022/9/30,0.282445,0.239093,0.507859
601919,2022/9/30,0.341181,0.35621,0.362818
601919,2022/12/31,0.351207,0.283651,0.606667
601919,2022/12/31,0.646503,0.652202,0.667139
601919,2023/3/31,0.017804,0.016946,0.033404
601919,2023/3/31,0.005277,0.003962,0.004042
601919,2023/6/30,0.037525,0.039555,0.078355
601919,2023/6/30,0.012899,0.016295,0.016602
601919,2023/9/30,0.051351,0.052412,0.102866
601919,2023/9/30,0.018237,0.021868,0.022214
601919,2023/12/31,0.056282,0.058286,0.114265
601919,2023/12/31,0.086395,0.090352,0.091813
601919,2024/3/31,0.017898,0.016667,0.031148
601919,2024/3/31,0.007434,0.007422,0.007448
601919,2024/6/30,0.045989,0.04143,0.076922
601919,2024/6/30,0.016171,0.016147,0.016236
601919,2024/9/30,0.103902,0.091132,0.168516
601919,2024/9/30,0.056254,0.056276,0.059409
601919,2024/12/31,0.131571,0.115402,0.209668
601919,2024/12/31,0.272219,0.272159,0.273451
601919,2025/3/31,0.029019,0.026274,0.045558
601919,2025/3/31,0.006837,0.007223,0.007258
601919,2025/6/30,0.043989,0.04058,0.071161
601919,2025/6/30,0.080184,0.081032,0.081508
