"Stkcd","ShortName","Accper","Typrep","Source","F050101B","F050302B","F050404C","F050501B"
"601919","中国远洋","2007-06-30","A","0","0.029222","0.055931","","0.036320"
"601919","中国远洋","2007-06-30","B","0","-0.001861","-0.013153","","-0.005338"
"601919","中国远洋","2007-09-30","A","0","0.047749","0.093043","","0.061033"
"601919","中国远洋","2007-09-30","B","0","-0.005684","-0.033420","","-0.010513"
"601919","中国远洋","2007-12-31","A","0","0.234470","0.518558","0.715051","0.386105"
"601919","中国远洋","2007-12-31","B","0","0.036107","0.095147","412.876326","0.038296"
"601919","中国远洋","2008-03-31","A","0","0.072755","0.118374","","0.106918"
"601919","中国远洋","2008-03-31","B","0","-0.000108","-0.000109","","-0.000068"
"601919","中国远洋","2008-06-30","A","0","0.160377","0.276899","1.101473","0.225651"
"601919","中国远洋","2008-06-30","B","0","-0.001787","-0.001809","536.175441","-0.001124"
"601919","中国远洋","2008-09-30","A","0","0.217020","0.376992","1.191173","0.301756"
"601919","中国远洋","2008-09-30","B","0","-0.002906","-0.001234","704.248596","-0.000756"
"601919","中国远洋","2008-12-31","A","0","0.133024","0.240885","0.300960","0.195107"
"601919","中国远洋","2008-12-31","B","0","0.081480","0.153840","731.156736","0.069502"
"601919","中国远洋","2009-03-31","A","0","-0.025952","-0.070012","0.058179","-0.052888"
"601919","中国远洋","2009-03-31","B","0","-0.001718","-0.003491","809.427476","-0.000999"
"601919","中国远洋","2009-06-30","A","0","-0.029332","-0.084080","-0.171788","-0.075016"
"601919","中国远洋","2009-06-30","B","0","-0.001912","-0.003459","942.225259","-0.001027"
"601919","中国远洋","2009-09-30","A","0","-0.029149","-0.092230","-0.317155","-0.084396"
"601919","中国远洋","2009-09-30","B","0","-0.002700","-0.006047","1050.030916","-0.001561"
"601919","中国远洋","2009-12-31","A","0","-0.040753","-0.134553","-0.145403","-0.126181"
"601919","中国远洋","2009-12-31","B","0","-0.003896","-0.011462","-22.569474","-0.002584"
"601919","中国远洋","2010-03-31","A","0","0.012648","0.019479","-0.052670","0.020216"
"601919","中国远洋","2010-03-31","B","0","-0.001474","-0.013284","-31.388466","-0.001704"
"601919","中国远洋","2010-06-30","A","0","0.036413","0.070219","0.028462","0.067325"
"601919","中国远洋","2010-06-30","B","0","0.005644","0.064050","69.506519","0.007823"
"601919","中国远洋","2010-09-30","A","0","0.055006","0.111317","0.087527","0.106952"
"601919","中国远洋","2010-09-30","B","0","0.004511","0.055181","69.323266","0.006557"
"601919","中国远洋","2010-12-31","A","0","0.064565","0.137569","0.148856","0.128485"
"601919","中国远洋","2010-12-31","B","0","0.011566","0.138112","188.650810","0.015820"
"601919","中国远洋","2011-03-31","A","0","0.000248","-0.001126","0.120399","-0.001097"
"601919","中国远洋","2011-03-31","B","0","-0.001242","-0.017039","217.100436","-0.001586"
"601919","中国远洋","2011-06-30","A","0","-0.008344","-0.028373","0.038632","-0.029655"
"601919","中国远洋","2011-06-30","B","0","0.003619","0.033723","181.695169","0.003484"
"601919","中国远洋","2011-09-30","A","0","-0.016592","-0.054561","-0.032466","-0.060551"
"601919","中国远洋","2011-09-30","B","0","0.002947","0.016959","198.183585","0.001602"
"601919","中国远洋","2011-12-31","A","0","-0.048943","-0.141980","-0.148857","-0.176176"
"601919","中国远洋","2011-12-31","B","0","0.002145","-0.003846","-5.847157","-0.000496"
"601919","中国远洋","2012-03-31","A","0","-0.012053","-0.036954","-0.181565","-0.049682"
"601919","中国远洋","2012-03-31","B","0","-0.001149","-0.022319","-29.592513","-0.003342"
"601919","中国远洋","2012-06-30","A","0","-0.018050","-0.066275","-0.175473","-0.089610"
"601919","中国远洋","2012-06-30","B","0","-0.001572","-0.041553","-154.945913","-0.006166"
"601919","中国远洋","2012-09-30","A","0","-0.021461","-0.085289","-0.164747","-0.117271"
"601919","中国远洋","2012-09-30","B","0","-0.002634","-0.064077","-194.776459","-0.009361"
"601919","中国远洋","2012-12-31","A","0","-0.034920","-0.128314","-0.124514","-0.195154"
"601919","中国远洋","2012-12-31","B","0","-0.002956","-0.081754","-134.567357","-0.011933"
"601919","*ST 远洋","2013-03-31","A","0","-0.006108","-0.025973","-0.113512","-0.042910"
"601919","*ST 远洋","2013-03-31","B","0","0.013908","0.133263","132.877866","0.018476"
"601919","*ST 远洋","2013-06-30","A","0","0.016204","0.016388","-0.042593","0.026819"
"601919","*ST 远洋","2013-06-30","B","0","0.040912","0.293725","811.618930","0.055877"
"601919","*ST 远洋","2013-09-30","A","0","0.015022","0.005910","-0.035347","0.009311"
"601919","*ST 远洋","2013-09-30","B","0","0.041972","0.474449","920.865811","0.052202"
"601919","*ST 远洋","2013-12-31","A","0","0.031544","0.044878","0.040011","0.068372"
"601919","*ST 远洋","2013-12-31","B","0","0.043326","0.274586","897.481812","0.050730"
"601919","*ST 远洋","2014-03-31","A","0","-0.004515","-0.025837","0.040502","-0.039812"
"601919","*ST 远洋","2014-03-31","B","0","0.000772","-0.005894","663.608480","-0.001450"
"601919","中国远洋","2014-06-30","A","0","-0.000641","-0.028915","0.001346","-0.041293"
"601919","中国远洋","2014-06-30","B","0","0.000436","-0.022997","-231.579618","-0.003394"
"601919","中国远洋","2014-09-30","A","0","0.016579","0.004958","0.037306","0.007044"
"601919","中国远洋","2014-09-30","B","0","-0.001267","-0.045915","-277.698201","-0.006712"
"601919","中国远洋","2014-12-31","A","0","0.018177","0.026815","0.020603","0.036101"
"601919","中国远洋","2014-12-31","B","0","-0.001847","-0.017788","-100.582974","-0.002550"
"601919","中国远洋","2015-03-31","A","0","-0.000295","-0.014642","0.032547","-0.017293"
"601919","中国远洋","2015-03-31","B","0","-0.000995","-0.058821","-168.479498","-0.002432"
"601919","中国远洋","2015-06-30","A","0","0.024044","0.047684","0.075193","0.056316"
"601919","中国远洋","2015-06-30","B","0","-0.001528","-0.108362","-219.077667","-0.004473"
"601919","中国远洋","2015-09-30","A","0","0.021938","0.022685","0.031006","0.026407"
"601919","中国远洋","2015-09-30","B","0","-0.002622","-0.182554","-232.672575","-0.007229"
"601919","中国远洋","2015-12-31","A","0","0.027249","0.038654","0.023057","0.039867"
"601919","中国远洋","2015-12-31","B","0","-0.004890","-0.311418","-1011.275528","-0.011540"
"601919","中国远洋","2016-03-31","A","0","-0.030990","-0.096324","-0.031486","-0.105373"
"601919","中国远洋","2016-03-31","B","0","-0.538840","-4.464638","-44449.336832","-0.756260"
"601919","中国远洋","2016-06-30","A","0","-0.046051","-0.147462","-0.126448","-0.173300"
"601919","中国远洋","2016-06-30","B","0","-0.563306","-5.458331","-38977.140877","-0.760300"
"601919","中国远洋","2016-09-30","A","0","-0.055312","-0.184269","-0.130659","-0.229994"
"601919","中国远洋","2016-09-30","B","0","-0.565748","-14.279680","-40502.122169","-0.764520"
"601919","中远海控","2016-12-31","A","0","-0.056604","-0.197840","-0.147811","-0.242384"
"601919","中远海控","2016-12-31","B","0","-0.560479","-13.063451","-31955.060459","-0.767079"
"601919","中远海控","2017-03-31","A","0","0.008363","0.010477","-0.098287","0.012440"
"601919","中远海控","2017-03-31","B","0","0.000021","-0.047466","-412.791682","-0.002941"
"601919","中远海控","2017-06-30","A","0","0.040459","0.080437","0.024935","0.081761"
"601919","中远海控","2017-06-30","B","0","-0.000036","-0.097760","-378.819525","-0.006062"
"601919","中远海控","2017-09-30","A","0","0.050649","0.100263","0.090127","0.106246"
"601919","中远海控","2017-09-30","B","0","-0.003695","-0.195785","-634.618605","-0.014391"
"601919","中远海控","2017-12-31","A","0","0.055807","0.113925","0.104235","0.110515"
"601919","中远海控","2017-12-31","B","0","-0.003543","-0.336842","-705.520221","-0.017510"
"601919","中远海控","2018-03-31","A","0","0.008788","0.013355","0.102864","0.011433"
"601919","中远海控","2018-03-31","B","0","-0.000192","-0.081740","-795.885398","-0.003462"
"601919","中远海控","2018-06-30","A","0","0.014076","0.018164","0.042994","0.017394"
"601919","中远海控","2018-06-30","B","0","-0.000472","-0.211089","-880.998451","-0.007440"
"601919","中远海控","2018-09-30","A","0","0.020105","0.041035","0.031458","0.038730"
"601919","中远海控","2018-09-30","B","0","-0.000744","-0.353261","-708.773895","-0.011319"
"601919","中远海控","2018-12-31","A","0","0.029861","0.060681","0.038169","0.053704"
"601919","中远海控","2018-12-31","B","0","-0.000119","-0.497511","-573.460105","-0.013707"
"601919","中远海控","2019-03-31","A","0","0.010099","0.016351","0.051704","0.017588"
"601919","中远海控","2019-03-31","B","0","-0.000168","-0.011864","-579.051683","-0.001399"
"601919","中远海控","2019-06-30","A","0","0.019800","0.034185","0.056678","0.034519"
"601919","中远海控","2019-06-30","B","0","-0.000544","-0.110008","-615.659166","-0.003458"
"601919","中远海控","2019-09-30","A","0","0.029584","0.053726","0.042639","0.054611"
"601919","中远海控","2019-09-30","B","0","-0.000643","-0.055563","-637.139731","-0.005486"
"601919","中远海控","2019-12-31","A","0","0.064606","0.156098","0.098300","0.149725"
"601919","中远海控","2019-12-31","B","0","-0.001642","-0.088054","-606.193042","-0.008675"
"601919","中远海控","2020-03-31","A","0","0.007896","0.010198","0.103174","0.009689"
"601919","中远海控","2020-03-31","B","0","-0.000169","-0.009801","-693.465908","-0.002193"
"601919","中远海控","2020-06-30","A","0","0.016965","0.028149","0.099726","0.027338"
"601919","中远海控","2020-06-30","B","0","-0.000421","-0.021974","-794.857642","-0.004453"
"601919","中远海控","2020-09-30","A","0","0.036952","0.081180","0.121752","0.075920"
"601919","中远海控","2020-09-30","B","0","-0.000865","-0.055217","-982.757044","-0.006799"
"601919","中远海控","2020-12-31","A","0","0.066487","0.182820","0.131674","0.167573"
"601919","中远海控","2020-12-31","B","0","0.001878","-0.045367","-639.296286","-0.005406"
"601919","中远海控","2021-03-31","A","0","0.067556","0.215628","0.301543","0.183294"
"601919","中远海控","2021-03-31","B","0","0.030131","0.844693","3627.445856","0.033101"
"601919","中远海控","2021-06-30","A","0","0.152032","0.435101","0.539084","0.357665"
"601919","中远海控","2021-06-30","B","0","0.215670","1.716490","35369.593414","0.242201"
"601919","中远海控","2021-09-30","A","0","0.254482","0.645399","0.859300","0.511022"
"601919","中远海控","2021-09-30","B","0","0.350008","1.838931","75633.159342","0.385779"
"601919","中远海控","2021-12-31","A","0","0.316735","0.756716","1.044334","0.580634"
"601919","中远海控","2021-12-31","B","0","0.588533","2.078814","182972.322603","0.597260"
"601919","中远海控","2022-03-31","A","0","0.084046","0.139764","1.207408","0.154560"
"601919","中远海控","2022-03-31","B","0","-0.000198","0.001397","208268.397455","0.000773"
"601919","中远海控","2022-06-30","A","0","0.187523","0.320002","1.389050","0.318706"
"601919","中远海控","2022-06-30","B","0","-0.000642","0.017223","160965.305623","0.010164"
"601919","中远海控","2022-09-30","A","0","0.247655","0.436666","1.391599","0.420025"
"601919","中远海控","2022-09-30","B","0","0.306801","0.604858","228554.420560","0.325879"
"601919","中远海控","2022-12-31","A","0","0.317751","0.565766","1.302040","0.518052"
"601919","中远海控","2022-12-31","B","0","0.585326","1.364334","230414.770533","0.605388"
"601919","中远海控","2023-03-31","A","0","0.017999","0.033806","1.068986","0.033003"
"601919","中远海控","2023-03-31","B","0","0.005292","0.010000","272226.676113","0.004034"
"601919","中远海控","2023-06-30","A","0","0.038652","0.081683","0.715534","0.079202"
"601919","中远海控","2023-06-30","B","0","0.014518","0.049824","298855.065806","0.018539"
"601919","中远海控","2023-09-30","A","0","0.053050","0.108093","0.398944","0.103297"
"601919","中远海控","2023-09-30","B","0","0.020572","0.067134","133290.964440","0.024773"
"601919","中远海控","2023-12-31","A","0","0.059294","0.122491","0.267960","0.116749"
"601919","中远海控","2023-12-31","B","0","0.098786","0.286941","45022.760167","0.103798"
"601919","中远海控","2024-03-31","A","0","0.017957","0.038503","0.254330","0.030722"
"601919","中远海控","2024-03-31","B","0","0.007430","0.043846","57344.456472","0.007435"
"601919","中远海控","2024-06-30","A","0","0.045758","0.096049","0.247861","0.074798"
"601919","中远海控","2024-06-30","B","0","0.016417","0.102845","68450.784960","0.016498"
"601919","中远海控","2024-09-30","A","0","0.101122","0.206908","0.404658","0.159893"
"601919","中远海控","2024-09-30","B","0","0.055909","0.329774","115696.261347","0.062159"
"601919","中远海控","2024-12-31","A","0","0.126955","0.271084","0.472406","0.194330"
"601919","中远海控","2024-12-31","B","0","0.256440","1.327980","323896.037387","0.257608"
"601919","中远海控","2025-03-31","A","0","0.028673","0.063448","0.504367","0.044735"
"601919","中远海控","2025-03-31","B","0","0.006889","0.032260","445706.428374","0.007314"
"601919","中远海控","2025-06-30","A","0","0.043944","0.100667","0.434176","0.071433"
"601919","中远海控","2025-06-30","B","0","0.085974","0.457740","806659.486722","0.087504"
