Stkcd,ShortName,Accper,ROA,ROCA,ROFA,ROE
2594,1,2008/12/31,0.06336,0.088027,0.110615,0.095645
2594,1,2009/12/31,0.118074,0.242008,0.284845,0.214349
2594,1,2010/12/31,0.066318,0.166276,0.167008,0.137988
2594,1,2011/3/31,0.008666,0.017167,0.01704,0.015105
2594,1,2011/6/30,0.013913,0.019776,0.018593,0.017235
2594,1,2011/9/30,0.019036,0.025809,0.024194,0.022313
2594,1,2011/12/31,0.038077,0.074451,0.074076,0.066517
2594,1,2012/3/31,0.00477,0.0025,0.002412,0.002229
2594,1,2012/6/30,0.008373,0.004845,0.00433,0.004339
2594,1,2012/9/30,0.012052,0.006427,0.005659,0.005773
2594,1,2012/12/31,-0.001458,0.009707,0.008259,0.008817
2594,1,2013/3/31,0.006172,0.006865,0.005955,0.006411
2594,1,2013/6/30,0.015985,0.020925,0.019987,0.021771
2594,1,2013/9/30,0.020569,0.021993,0.023106,0.025258
2594,1,2013/12/31,0.02608,0.027471,0.027573,0.031214
2594,1,2014/3/31,0.005662,0.003073,0.003095,0.003507
2594,1,2014/6/30,0.014836,0.015117,0.019871,0.019599
2594,1,2014/9/30,0.019235,0.016101,0.02153,0.021548
2594,1,2014/12/31,0.024073,0.018164,0.02465,0.025606
2594,1,2015/3/31,0.006577,0.003971,0.005179,0.005275
2594,1,2015/6/30,0.015318,0.015891,0.021042,0.021213
2594,1,2015/9/30,0.03545,0.045716,0.073241,0.06691
2594,1,2015/12/31,0.045382,0.057675,0.096952,0.087101
2594,1,2016/3/31,0.012785,0.017578,0.027575,0.024337
2594,1,2016/6/30,0.030118,0.041955,0.0706,0.063657
2594,1,2016/9/30,0.043612,0.056404,0.112096,0.072699
2594,1,2016/12/31,0.053702,0.070041,0.146199,0.0989
2594,1,2017/3/31,0.009577,0.01007,0.020447,0.013871
2594,1,2017/6/30,0.023578,0.026047,0.054538,0.037873
2594,1,2017/9/30,0.035352,0.037671,0.084247,0.0588
2594,1,2017/12/31,0.044554,0.047884,0.1137,0.082007
2594,1,2018/3/31,0.006145,0.002525,0.005975,0.004391
2594,1,2018/6/30,0.012798,0.007812,0.019318,0.014728
2594,1,2018/9/30,0.024153,0.018727,0.049838,0.035862
2594,1,2018/12/31,0.037944,0.030867,0.081417,0.058592
2594,1,2019/3/31,0.011135,0.00766,0.02021,0.014297
2594,1,2019/6/30,0.016639,0.014432,0.03647,0.026488
2594,1,2019/9/30,0.020762,0.016976,0.040483,0.030331
2594,1,2019/12/31,0.027832,0.019809,0.042854,0.033847
2594,1,2020/3/31,0.006986,0.003171,0.006598,0.00513
2594,1,2020/6/30,0.023235,0.021896,0.049103,0.035461
2594,1,2020/9/30,0.044391,0.045483,0.092156,0.072235
2594,1,2020/12/31,0.052957,0.053886,0.110177,0.093306
2594,1,2021/3/31,0.005591,0.003823,0.009382,0.005742
2594,1,2021/6/30,0.014177,0.014018,0.033338,0.020281
2594,1,2021/9/30,0.021037,0.022683,0.059787,0.036153
2594,1,2021/12/31,0.021316,0.023883,0.064802,0.038057
2594,1,2022/3/31,0.00307,0.005232,0.014705,0.00865
2594,1,2022/6/30,0.01082,0.021543,0.056248,0.037021
2594,1,2022/9/30,0.02529,0.046173,0.098563,0.088735
2594,1,2022/12/31,0.039407,0.073558,0.134312,0.145919
2594,1,2023/3/31,0.009547,0.01702,0.029579,0.034659
2594,1,2023/6/30,0.020802,0.043005,0.063166,0.087727
2594,1,2023/9/30,0.039779,0.081148,0.107258,0.158268
2594,1,2023/12/31,0.052673,0.103747,0.135745,0.208319
2594,1,2024/3/31,0.008149,0.016289,0.020645,0.03079
2594,1,2024/6/30,0.025206,0.047291,0.061354,0.091282
2594,1,2024/9/30,0.042324,0.072487,0.099806,0.155492
2594,1,2024/12/31,0.064973,0.112226,0.158559,0.209313
2594,1,2025/3/31,0.011044,0.023032,0.034999,0.038362
2594,1,2025/6/30,0.018507,0.041059,0.05712,0.065532
2714,2,2010/12/31,0.112962,0.208225,0.270312,0.210271
2714,2,2011/12/31,0.267304,0.564251,0.70144,0.489351
2714,2,2012/12/31,0.179126,0.461467,0.388845,0.321463
2714,2,2013/6/30,0.034173,0.061385,0.066373,0.073478
2714,2,2013/12/31,0.117444,0.244991,0.234363,0.241742
2714,2,2014/3/31,-0.006912,-0.035145,-0.042073,-0.029814
2714,2,2014/6/30,-0.007214,-0.048931,-0.060813,-0.043628
2714,2,2014/9/30,0.020977,0.001714,0.00197,0.001443
2714,2,2014/12/31,0.044497,0.053089,0.053839,0.041165
2714,2,2015/3/31,0.002365,-0.014611,-0.012511,-0.010474
2714,2,2015/6/30,0.020848,0.025582,0.022539,0.023649
2714,2,2015/9/30,0.06655,0.155302,0.116123,0.126103
2714,2,2015/12/31,0.102348,0.237034,0.200199,0.169179
2714,2,2016/3/31,0.050523,0.136878,0.112786,0.094591
2714,2,2016/6/30,0.123557,0.416215,0.271069,0.233419
2714,2,2016/9/30,0.171896,0.563322,0.360022,0.345377
2714,2,2016/12/31,0.192875,0.624473,0.357216,0.410125
2714,2,2017/3/31,0.05086,0.171721,0.095554,0.107236
2714,2,2017/6/30,0.076974,0.215225,0.145763,0.13173
2714,2,2017/9/30,0.106663,0.327416,0.199564,0.186375
2714,2,2017/12/31,0.11136,0.270589,0.223227,0.185727
2714,2,2018/3/31,0.009472,0.014031,0.011991,0.010568
2714,2,2018/6/30,0.00651,-0.009816,-0.006405,-0.006633
2714,2,2018/9/30,0.026883,0.038437,0.027614,0.0285
2714,2,2018/12/31,0.035667,0.053992,0.038988,0.038524
2714,2,2019/3/31,-0.012108,-0.055974,-0.039941,-0.042343
2714,2,2019/6/30,0.005426,-0.01695,-0.010258,-0.011117
2714,2,2019/9/30,0.051585,0.120939,0.093274,0.072594
2714,2,2019/12/31,0.129464,0.323415,0.335898,0.199815
2714,2,2020/3/31,0.065676,0.146031,0.203823,0.111076
2714,2,2020/6/30,0.136783,0.320069,0.384491,0.244707
2714,2,2020/9/30,0.227148,0.58888,0.57047,0.392465
2714,2,2020/12/31,0.25329,0.77991,0.518956,0.459491
2714,2,2021/3/31,0.058933,0.203216,0.114659,0.10785
2714,2,2021/6/30,0.078584,0.291971,0.134306,0.154159
2714,2,2021/9/30,0.066393,0.208163,0.109074,0.135955
2714,2,2021/12/31,0.055218,0.15668,0.07673,0.111343
2714,2,2022/3/31,-0.027577,-0.105924,-0.057058,-0.089886
2714,2,2022/6/30,-0.033094,-0.139197,-0.071042,-0.121339
2714,2,2022/9/30,0.021085,0.032256,0.01758,0.025602
2714,2,2022/12/31,0.091759,0.238635,0.140406,0.169562
2714,2,2023/3/31,-0.002391,-0.017674,-0.01117,-0.01389
2714,2,2023/6/30,-0.007006,-0.045164,-0.025544,-0.036386
2714,2,2023/9/30,0.002958,-0.028303,-0.015219,-0.021956
2714,2,2023/12/31,-0.005711,-0.06555,-0.037163,-0.056295
2714,2,2024/3/31,-0.008321,-0.037844,-0.022194,-0.034338
2714,2,2024/6/30,0.01345,0.016405,0.009403,0.014005
2714,2,2024/9/30,0.070572,0.17707,0.104579,0.141274
2714,2,2024/12/31,0.116558,0.308635,0.177282,0.24408
2714,2,2025/3/31,0.026978,0.062628,0.043624,0.05713
2714,2,2025/6/30,0.06533,0.168979,0.103882,0.131695
600030,3,1999/12/31,0.050851,0.034439,2.301563,0.121535
600030,3,2000/12/31,0.060213,0.04952,5.271389,0.281145
600030,3,2001/12/31,0.044594,0.035092,2.327093,0.189769
600030,3,2002/6/30,0.010619,0.009834,0.509126,0.046049
600030,3,2002/12/31,0.007754,0.006532,0.290872,0.021517
600030,3,2003/3/31,0.001868,,0.094935,0.006591
600030,3,2003/6/30,0.011501,,0.473301,0.02951
600030,3,2003/9/30,0.014199,,0.508888,0.029752
600030,3,2003/12/31,0.035014,,1.23407,0.06668
600030,3,2004/3/31,0.001893,,0.058414,0.003003
600030,3,2004/6/30,0.005993,,0.154773,0.010958
600030,3,2004/9/30,0.008769,,0.259986,0.017704
600030,3,2004/12/31,0.016333,,0.428547,0.03121
600030,3,2005/3/31,0.000775,,0.020714,0.001457
600030,3,2005/6/30,0.005234,,0.176906,0.01216
600030,3,2005/9/30,0.010917,,0.403121,0.025712
600030,3,2005/12/31,0.018679,,0.7098,0.048172
600030,3,2006/3/31,0.005438,,0.180916,0.014416
600030,3,2006/6/30,0.017774,,1.208149,0.059252
600030,3,2006/9/30,0.02609,,1.844714,0.085675
600030,3,2006/12/31,0.051073,,4.02267,0.182328
600030,3,2007/3/31,0.016961,,1.958523,0.08913
600030,3,2007/6/30,0.042017,,4.973672,0.259265
600030,3,2007/9/30,0.061054,,7.800929,0.18999
600030,3,2007/12/31,0.10495,,15.060837,0.250739
600030,3,2008/3/31,0.016294,,3.097635,0.050438
600030,3,2008/6/30,0.027962,,6.11401,0.095828
600030,3,2008/9/30,0.054171,,7.53346,0.11723
600030,3,2008/12/31,0.069848,,9.260216,0.13994
600030,3,2009/3/31,0.015791,,2.090801,0.02884
600030,3,2009/6/30,0.039603,,5.219361,0.073199
600030,3,2009/9/30,0.052234,,8.750063,0.117079
600030,3,2009/12/31,0.064321,,11.922514,0.155648
600030,3,2010/3/31,0.009631,,2.043748,0.024366
600030,3,2010/6/30,0.02191,,3.771697,0.047908
600030,3,2010/9/30,0.034533,,5.090752,0.068542
600030,3,2010/12/31,0.106543,,21.518318,0.171298
600030,3,2011/3/31,0.012589,,2.508231,0.018784
600030,3,2011/6/30,0.030318,,5.401623,0.043821
600030,3,2011/9/30,0.037637,,1.293082,0.05058
600030,3,2011/12/31,0.101369,,4.762655,0.144895
600030,3,2012/3/31,0.007528,,0.343621,0.009839
600030,3,2012/6/30,0.019461,,0.915872,0.026594
600030,3,2012/9/30,0.025122,,1.215817,0.034416
600030,3,2012/12/31,0.032564,,1.68818,0.049684
600030,3,2013/3/31,0.007069,,0.403322,0.011488
600030,3,2013/6/30,0.013645,,0.882704,0.024957
600030,3,2013/9/30,0.017649,,1.380653,0.042123
600030,3,2013/12/31,0.025229,,1.94171,0.059373
600030,3,2014/3/31,0.00595,,0.381992,0.015869
600030,3,2014/6/30,0.017142,,4.869309,0.047393
600030,3,2014/9/30,0.024075,,7.913098,0.071326
600030,3,2014/12/31,0.032154,,12.072793,0.117288
600030,3,2015/3/31,0.009142,,4.238553,0.037114
600030,3,2015/6/30,0.021827,,13.197206,0.095987
600030,3,2015/9/30,0.034239,,15.642612,0.120259
600030,3,2015/12/31,0.04429,,6.133222,0.143649
600030,3,2016/3/31,0.004127,,0.550232,0.012626
600030,3,2016/6/30,0.012858,,1.547013,0.039534
600030,3,2016/9/30,0.020058,,2.371472,0.058648
600030,3,2016/12/31,0.023873,,3.000746,0.075322
600030,3,2017/3/31,0.005189,,0.684934,0.016334
600030,3,2017/6/30,0.011282,,0.634771,0.035247
600030,3,2017/9/30,0.017278,,1.039871,0.055399
600030,3,2017/12/31,0.025854,,1.515566,0.078211
600030,3,2018/3/31,0.005525,,0.362643,0.018035
600030,3,2018/6/30,0.011242,,0.749103,0.037944
600030,3,2018/9/30,0.015692,,0.986492,0.049133
600030,3,2018/12/31,0.019086,,1.277738,0.062975
600030,3,2019/3/31,0.008521,,0.572615,0.026947
600030,3,2019/6/30,0.01234,,0.87684,0.04172
600030,3,2019/9/30,0.019812,,1.42956,0.066283
600030,3,2019/12/31,0.021465,,1.69381,0.076449
600030,3,2020/3/31,0.005999,,0.570479,0.023308
600030,3,2020/6/30,0.012178,,1.258867,0.051224
600030,3,2020/9/30,0.016263,,1.828536,0.071346
600030,3,2020/12/31,0.019441,,2.20146,0.083475
600030,3,2021/3/31,0.005957,,0.767784,0.028135
600030,3,2021/6/30,0.013934,,1.832637,0.06574
600030,3,2021/9/30,0.01966,,2.84443,0.08784
600030,3,2021/12/31,0.024943,,3.62514,0.112274
600030,3,2022/3/31,0.005198,,0.828793,0.021786
600030,3,2022/6/30,0.010975,,1.769264,0.046915
600030,3,2022/9/30,0.01693,,2.583228,0.067761
600030,3,2022/12/31,0.022128,,3.307549,0.085802
600030,3,2023/3/31,0.005094,,0.846077,0.021392
600030,3,2023/6/30,0.010588,,1.755029,0.044708
600030,3,2023/9/30,0.015448,,2.564955,0.063769
600030,3,2023/12/31,0.018017,,3.039729,0.074907
600030,3,2024/3/31,0.004231,,0.777186,0.018055
600030,3,2024/6/30,0.009332,,1.669005,0.038603
600030,3,2024/9/30,0.012661,,2.715837,0.059771
600030,3,2024/12/31,0.016612,,3.784101,0.075609
600030,3,2025/3/31,0.004637,,1.168211,0.021973
600030,3,2025/6/30,0.009817,,2.487346,0.045497
600048,4,2003/12/31,0.055955,0.036089,5.877719,0.1226
600048,4,2004/12/31,0.072465,0.048735,13.938364,0.260309
600048,4,2005/12/31,0.082126,0.052713,17.4686,0.346785
600048,4,2006/6/30,0.02956,0.020262,6.34172,0.147281
600048,4,2006/9/30,0.032946,0.022519,8.207201,0.089455
600048,4,2006/12/31,0.063077,0.044314,16.739487,0.180109
600048,4,2007/3/31,0.006667,0.003989,1.656037,0.018087
600048,4,2007/6/30,0.023664,0.014208,6.386415,0.069371
600048,4,2007/9/30,0.025186,0.015856,10.066572,0.050346
600048,4,2007/12/31,0.057982,0.040083,11.53318,0.126867
600048,4,2008/3/31,0.008845,0.006496,2.120044,0.022894
600048,4,2008/6/30,0.038089,0.030326,10.473172,0.101159
600048,4,2008/9/30,0.041583,0.032635,14.815462,0.121785
600048,4,2008/12/31,0.074397,0.0572,16.133033,0.194197
600048,4,2009/3/31,0.008898,0.00646,1.916039,0.022766
600048,4,2009/6/30,0.032642,0.024679,7.580105,0.089413
600048,4,2009/9/30,0.032664,0.02466,9.681118,0.077528
600048,4,2009/12/31,0.059143,0.045283,19.434724,0.148646
600048,4,2010/3/31,0.00724,0.005345,2.477167,0.021072
600048,4,2010/6/30,0.019889,0.015375,8.663771,0.065098
600048,4,2010/9/30,0.024345,0.018872,11.537839,0.086309
600048,4,2010/12/31,0.047937,0.037535,17.047135,0.171931
600048,4,2011/3/31,0.005529,0.004064,2.074144,0.021137
600048,4,2011/6/30,0.021881,0.016421,8.004283,0.084125
600048,4,2011/9/30,0.025195,0.018788,9.070899,0.094703
600048,4,2011/12/31,0.053659,0.039189,7.839102,0.175141
600048,4,2012/3/31,0.005346,0.003406,0.719661,0.015602
600048,4,2012/6/30,0.022031,0.015518,3.518842,0.073722
600048,4,2012/9/30,0.02888,0.020057,5.137982,0.099387
600048,4,2012/12/31,0.057428,0.041043,7.239097,0.182159
600048,4,2013/3/31,0.004671,0.002566,0.510514,0.012061
600048,4,2013/6/30,0.019907,0.013349,2.901382,0.062508
600048,4,2013/9/30,0.026246,0.017306,4.024434,0.084948
600048,4,2013/12/31,0.054428,0.039156,5.97694,0.171568
600048,4,2014/3/31,0.004509,0.002683,0.440342,0.012424
600048,4,2014/6/30,0.018407,0.012278,2.107956,0.058209
600048,4,2014/9/30,0.027848,0.018783,3.388843,0.092593
600048,4,2014/12/31,0.055508,0.040562,5.74394,0.175973
600048,4,2015/3/31,0.007677,0.004373,0.529277,0.018923
600048,4,2015/6/30,0.023806,0.016274,1.983588,0.069009
600048,4,2015/9/30,0.032889,0.021248,2.633722,0.091677
600048,4,2015/12/31,0.062473,0.043745,5.333163,0.173231
600048,4,2016/3/31,0.010095,0.006223,0.798744,0.025092
600048,4,2016/6/30,0.025469,0.017036,2.244451,0.06401
600048,4,2016/9/30,0.035377,0.024622,3.295538,0.090838
600048,4,2016/12/31,0.054583,0.039237,5.302377,0.144562
600048,4,2017/3/31,0.008183,0.005273,0.809531,0.020848
600048,4,2017/6/30,0.018787,0.013339,2.085036,0.058098
600048,4,2017/9/30,0.024463,0.017346,2.974817,0.080017
600048,4,2017/12/31,0.040335,0.030453,4.797736,0.124351
600048,4,2018/3/31,0.006203,0.004006,0.849643,0.017348
600048,4,2018/6/30,0.0178,0.012305,2.796128,0.055313
600048,4,2018/9/30,0.024131,0.016984,3.978947,0.078202
600048,4,2018/12/31,0.045322,0.034116,5.692039,0.140214
600048,4,2019/3/31,0.006285,0.004058,0.732124,0.017619
600048,4,2019/6/30,0.020891,0.015171,2.88356,0.067027
600048,4,2019/9/30,0.027379,0.019581,3.609004,0.088427
600048,4,2019/12/31,0.051405,0.040082,5.025978,0.163618
600048,4,2020/3/31,0.005577,0.003749,0.48727,0.015299
600048,4,2020/6/30,0.017885,0.013358,1.723893,0.054452
600048,4,2020/9/30,0.024132,0.01747,2.391122,0.072392
600048,4,2020/12/31,0.044509,0.035247,5.228908,0.150197
600048,4,2021/3/31,0.004644,0.003223,0.454807,0.013681
600048,4,2021/6/30,0.014746,0.011743,1.763252,0.04827
600048,4,2021/9/30,0.019942,0.015358,2.326486,0.062849
600048,4,2021/12/31,0.03816,0.029815,3.298341,0.122772
600048,4,2022/3/31,0.004167,0.003032,0.345056,0.012393
600048,4,2022/6/30,0.014905,0.011716,1.242311,0.046372
600048,4,2022/9/30,0.019006,0.014664,1.540418,0.059061
600048,4,2022/12/31,0.026513,0.020771,2.662042,0.083836
600048,4,2023/3/31,0.004095,0.00311,0.39428,0.012366
600048,4,2023/6/30,0.015042,0.011949,1.716694,0.045728
600048,4,2023/9/30,0.017668,0.013368,2.012239,0.050609
600048,4,2023/12/31,0.020194,0.01411,2.14045,0.053109
600048,4,2024/3/31,0.00432,0.003175,0.453975,0.011593
600048,4,2024/6/30,0.011589,0.008786,1.371978,0.03117
600048,4,2024/9/30,0.014219,0.010199,1.830892,0.035483
600048,4,2024/12/31,0.015147,0.008344,1.743274,0.028429
600048,4,2025/3/31,0.004192,0.002898,0.611174,0.009757
600048,4,2025/6/30,0.008983,0.005799,1.197832,0.019005
600754,5,1996/12/31,0.069755,0.173515,0.139339,0.10043
600754,5,1997/6/30,0.219536,0.092131,0.076645,0.052722
600754,5,1997/12/31,0.076013,0.2141,0.151362,0.100463
600754,5,1998/6/30,0.063068,0.129461,0.261768,0.073162
600754,5,1998/12/31,0.085398,0.196694,0.340926,0.100254
600754,5,1999/6/30,0.030991,0.074288,0.137725,0.038926
600754,5,1999/12/31,0.080138,0.144418,0.35574,0.099194
600754,5,2000/6/30,0.038542,0.119802,0.139323,0.04228
600754,5,2000/12/31,0.078856,0.178143,0.325883,0.094699
600754,5,2001/6/30,0.009545,0.034319,0.101918,0.02097
600754,5,2001/12/31,0.025706,0.054389,0.153649,0.032457
600754,5,2002/3/31,0.002017,0.003579,0.008246,0.00171
600754,5,2002/6/30,0.01666,0.041293,0.088736,0.017936
600754,5,2002/9/30,0.024735,0.069938,0.134217,0.02628
600754,5,2002/12/31,0.034921,0.074207,0.103826,0.035375
600754,5,2003/3/31,0.009796,0.023957,0.032514,0.010727
600754,5,2003/6/30,0.003748,0.00086,0.00108,0.000358
600754,5,2003/9/30,0.50066,0.023254,0.030596,0.009583
600754,5,2003/12/31,0.02965,0.051723,0.085727,0.023843
600754,5,2004/3/31,0.017658,0.044246,0.066024,0.018256
600754,5,2004/6/30,0.036086,0.081272,0.144262,0.03687
600754,5,2004/9/30,0.055397,0.127434,0.226174,0.056555
600754,5,2004/12/31,0.085964,0.197956,0.363612,0.082253
600754,5,2005/3/31,0.024656,0.055258,0.086336,0.022943
600754,5,2005/6/30,0.048553,0.116819,0.177994,0.04808
600754,5,2005/9/30,0.0802,0.197115,0.314044,0.080041
600754,5,2005/12/31,0.094906,0.24713,0.404941,0.101524
600754,5,2006/3/31,0.025563,0.057109,0.101356,0.026239
600754,5,2006/6/30,0.053026,0.139064,0.205536,0.052621
600754,5,2006/9/30,0.08449,0.234433,0.371889,0.087773
600754,5,2006/12/31,0.102768,0.295099,0.427526,0.10856
600754,5,2007/3/31,0.027614,0.071165,0.132816,0.026981
600754,5,2007/6/30,0.067237,0.199827,0.521082,0.066362
600754,5,2007/9/30,0.094626,0.291287,0.781226,0.09319
600754,5,2007/12/31,0.05064,0.364606,0.998984,0.055364
600754,5,2008/3/31,0.018412,0.082319,0.268793,0.02021
600754,5,2008/6/30,0.044723,0.231688,0.63875,0.050041
600754,5,2008/9/30,0.059521,0.286951,0.867421,0.066676
600754,5,2008/12/31,0.094286,0.341687,1.129088,0.102038
600754,5,2009/3/31,0.028436,0.091359,0.368203,0.028601
600754,5,2009/6/30,0.052398,0.191288,0.720188,0.053493
600754,5,2009/9/30,0.060889,0.218678,0.890923,0.063777
600754,5,2009/12/31,0.067381,0.33706,1.180321,0.071737
600754,5,2010/3/31,0.012966,0.061286,0.239839,0.015059
600754,5,2010/6/30,0.053337,0.217082,0.203407,0.058214
600754,5,2010/9/30,0.083747,0.399824,0.311956,0.085398
600754,5,2010/12/31,0.089214,0.479602,0.344624,0.091591
600754,5,2011/3/31,0.015544,0.102199,0.066308,0.016755
600754,5,2011/6/30,0.040455,0.198718,0.163504,0.045303
600754,5,2011/9/30,0.063994,0.339391,0.237802,0.067018
600754,5,2011/12/31,0.079405,0.428042,0.269699,0.080455
600754,5,2012/3/31,0.018977,0.097128,0.070295,0.019619
600754,5,2012/6/30,0.054976,0.266837,0.193216,0.054677
600754,5,2012/9/30,0.076785,0.335814,0.286363,0.07774
600754,5,2012/12/31,0.088058,0.397599,0.324398,0.08673
600754,5,2013/3/31,0.022609,0.089814,0.082126,0.021913
600754,5,2013/6/30,0.032038,0.212281,0.066284,0.041725
600754,5,2013/9/30,0.063596,0.311179,0.122624,0.078633
600754,5,2013/12/31,0.076591,0.435806,0.134609,0.087233
600754,5,2014/3/31,0.020743,0.10141,0.034626,0.022816
600754,5,2014/6/30,0.040545,0.231205,0.067498,0.044835
600754,5,2014/9/30,0.070098,0.324149,0.123616,0.075231
600754,5,2014/12/31,0.064706,0.129883,0.175495,0.056164
600754,5,2015/3/31,0.008528,0.015504,0.02525,0.017645
600754,5,2015/6/30,0.018254,0.031778,0.046117,0.034691
600754,5,2015/9/30,0.029424,0.05022,0.072408,0.057349
600754,5,2015/12/31,0.039028,0.113351,0.097868,0.075696
600754,5,2016/3/31,0.006976,0.019182,0.023929,0.017504
600754,5,2016/6/30,0.015145,0.031514,0.044837,0.033007
600754,5,2016/9/30,0.023259,0.051977,0.076878,0.037114
600754,5,2016/12/31,0.030882,0.074207,0.105589,0.050207
600754,5,2017/3/31,0.005046,0.021386,0.029732,0.013849
600754,5,2017/6/30,0.016285,0.041187,0.065621,0.031683
600754,5,2017/9/30,0.030017,0.067292,0.117762,0.054789
600754,5,2017/12/31,0.038913,0.079783,0.146734,0.067739
600754,5,2018/3/31,0.009027,0.023021,0.041463,0.020181
600754,5,2018/6/30,0.023785,0.064323,0.087873,0.042679
600754,5,2018/9/30,0.040182,0.10669,0.150083,0.071426
600754,5,2018/12/31,0.048239,0.124825,0.185054,0.088975
600754,5,2019/3/31,0.013654,0.031657,0.05063,0.023156
600754,5,2019/6/30,0.027462,0.078744,0.099991,0.047093
600754,5,2019/9/30,0.041285,0.117056,0.159214,0.071865
600754,5,2019/12/31,0.053975,0.150555,0.198882,0.0891
600754,5,2020/3/31,0.003586,0.019245,0.025021,0.010726
600754,5,2020/6/30,0.009471,0.039308,0.049371,0.021457
600754,5,2020/9/30,0.014318,0.03441,0.06097,0.02618
600754,5,2020/12/31,0.017155,0.025472,0.040919,0.017503
600754,5,2021/3/31,-0.000293,-0.010245,-0.025453,-0.008104
600754,5,2021/6/30,0.010277,0.00804,0.020449,0.006301
600754,5,2021/9/30,0.017199,0.01951,0.049126,0.014552
600754,5,2021/12/31,0.023728,0.031183,0.058407,0.017267
600754,5,2022/3/31,-0.000301,-0.010042,-0.018247,-0.005257
600754,5,2022/6/30,0.004485,-0.005288,-0.01145,-0.00323
600754,5,2022/9/30,0.013397,0.014256,0.031289,0.008714
600754,5,2022/12/31,0.020454,0.023429,0.049845,0.014293
600754,5,2023/3/31,0.008248,0.016671,0.038288,0.010798
600754,5,2023/6/30,0.024369,0.051598,0.133252,0.039138
600754,5,2023/9/30,0.042269,0.088051,0.249256,0.068186
600754,5,2023/12/31,0.049087,0.094251,0.257246,0.073568
600754,5,2024/3/31,0.010759,0.017998,0.054165,0.014438
600754,5,2024/6/30,0.034419,0.071002,0.288771,0.055603
600754,5,2024/9/30,0.049681,0.09544,0.368633,0.073006
600754,5,2024/12/31,0.05195,0.091871,0.341891,0.072967
600754,5,2025/3/31,0.00582,0.004529,0.01504,0.003287
600754,5,2025/6/30,0.021632,0.035144,0.111706,0.025535
601390,6,2004/12/31,0.008598,0.004217,0.021725,0.037738
601390,6,2005/12/31,0.013848,0.007126,0.043659,0.068736
601390,6,2006/12/31,0.025965,0.019746,0.160869,0.235578
601390,6,2007/6/30,0.017331,0.012597,0.099626,0.142323
601390,6,2007/12/31,0.026151,0.020353,0.206888,0.059402
601390,6,2008/3/31,0.006697,0.003602,0.033661,0.010542
601390,6,2008/6/30,0.016188,0.011501,0.111976,0.035496
601390,6,2008/9/30,0.021491,0.008469,0.084785,0.02779
601390,6,2008/12/31,0.02803,0.007458,0.071762,0.023475
601390,6,2009/3/31,0.006812,0.00498,0.050212,0.016187
601390,6,2009/6/30,0.014729,0.014877,0.14849,0.04995
601390,6,2009/9/30,0.022048,0.022927,0.226164,0.077829
601390,6,2009/12/31,0.02952,0.031227,0.288992,0.111637
601390,6,2010/3/31,0.007342,0.006958,0.067628,0.025345
601390,6,2010/6/30,0.015543,0.013922,0.132847,0.051748
601390,6,2010/9/30,0.023362,0.0224,0.211402,0.081773
601390,6,2010/12/31,0.030285,0.027814,0.267669,0.112349
601390,6,2011/3/31,0.006236,0.005435,0.056111,0.022801
601390,6,2011/6/30,0.011289,0.00808,0.088106,0.03649
601390,6,2011/9/30,0.01706,0.01127,0.124786,0.050993
601390,6,2011/12/31,0.02696,0.020115,0.223724,0.088992
601390,6,2012/3/31,0.004881,0.002574,0.028909,0.0114
601390,6,2012/6/30,0.011424,0.006499,0.07809,0.030665
601390,6,2012/9/30,0.0186,0.011263,0.141191,0.054037
601390,6,2012/12/31,0.027603,0.018482,0.231356,0.090709
601390,6,2013/3/31,0.005789,0.003528,0.04549,0.017361
601390,6,2013/6/30,0.011967,0.007604,0.106356,0.040683
601390,6,2013/9/30,0.019323,0.013298,0.193729,0.070438
601390,6,2013/12/31,0.027413,0.020035,0.273127,0.104084
601390,6,2014/3/31,0.006205,0.003779,0.053019,0.01939
601390,6,2014/6/30,0.013245,0.008057,0.119004,0.043154
601390,6,2014/9/30,0.021579,0.013959,0.209782,0.071118
601390,6,2014/12/31,0.027912,0.019579,0.247245,0.097891
601390,6,2015/3/31,0.006229,0.003987,0.050813,0.018692
601390,6,2015/6/30,0.01249,0.007864,0.103022,0.036379
601390,6,2015/9/30,0.01974,0.012951,0.175929,0.0559
601390,6,2015/12/31,0.026208,0.020845,0.262681,0.084548
601390,6,2016/3/31,0.006168,0.004145,0.051659,0.01651
601390,6,2016/6/30,0.012118,0.009444,0.115874,0.037939
601390,6,2016/9/30,0.021146,0.016108,0.197841,0.063739
601390,6,2016/12/31,0.026264,0.021352,0.260487,0.085162
601390,6,2017/3/31,0.00657,0.004722,0.056645,0.017931
601390,6,2017/6/30,0.015592,0.012566,0.155177,0.046976
601390,6,2017/9/30,0.022641,0.018077,0.225852,0.067748
601390,6,2017/12/31,0.027345,0.021518,0.271225,0.083688
601390,6,2018/3/31,0.006962,0.005788,0.067324,0.019851
601390,6,2018/6/30,0.017041,0.014371,0.180634,0.049794
601390,6,2018/9/30,0.023364,0.019708,0.248448,0.06766
601390,6,2018/12/31,0.031468,0.026756,0.312066,0.078491
601390,6,2019/3/31,0.007213,0.006357,0.074453,0.018407
601390,6,2019/6/30,0.016428,0.0163,0.193439,0.049002
601390,6,2019/9/30,0.024008,0.02394,0.284121,0.071512
601390,6,2019/12/31,0.035221,0.035768,0.41907,0.103384
601390,6,2020/3/31,0.005684,0.005284,0.062562,0.014894
601390,6,2020/6/30,0.015084,0.016534,0.198164,0.046495
601390,6,2020/9/30,0.022351,0.02462,0.302766,0.068437
601390,6,2020/12/31,0.032059,0.036735,0.416289,0.087005
601390,6,2021/3/31,0.008157,0.009036,0.108817,0.021373
601390,6,2021/6/30,0.015352,0.017888,0.223536,0.04305
601390,6,2021/9/30,0.022424,0.02705,0.34498,0.06435
601390,6,2021/12/31,0.030396,0.038049,0.45106,0.085029
601390,6,2022/3/31,0.008036,0.010053,0.12401,0.022355
601390,6,2022/6/30,0.014655,0.018597,0.24919,0.042362
601390,6,2022/9/30,0.020804,0.027851,0.375307,0.060964
601390,6,2022/12/31,0.028371,0.03892,0.523491,0.082665
601390,6,2023/3/31,0.007187,0.009666,0.132355,0.020366
601390,6,2023/6/30,0.014105,0.01946,0.275118,0.042384
601390,6,2023/9/30,0.020285,0.02781,0.396182,0.058663
601390,6,2023/12/31,0.027845,0.037423,0.526491,0.081836
601390,6,2024/3/31,0.005859,0.007913,0.114421,0.017045
601390,6,2024/6/30,0.010466,0.013807,0.223983,0.033236
601390,6,2024/9/30,0.014354,0.01874,0.32227,0.045879
601390,6,2024/12/31,0.019993,0.024332,0.410587,0.060293
601390,6,2025/3/31,0.004319,0.005297,0.088794,0.012717
601390,6,2025/6/30,0.008422,0.009959,0.177505,0.025232
601919,7,2004/12/31,,,,
601919,7,2005/12/31,0.152171,0.369681,0.219296,0.227405
601919,7,2006/12/31,0.078089,0.134619,0.10838,0.094942
601919,7,2007/6/30,0.029222,0.041899,0.064068,0.03632
601919,7,2007/9/30,0.047749,0.068694,0.09923,0.061033
601919,7,2007/12/31,0.23447,0.383057,0.567736,0.386105
601919,7,2008/3/31,0.072755,0.119187,0.166965,0.106918
601919,7,2008/6/30,0.160377,0.283084,0.377727,0.225651
601919,7,2008/9/30,0.21702,0.375891,0.513844,0.301756
601919,7,2008/12/31,0.133024,0.27097,0.280475,0.195107
601919,7,2009/3/31,-0.025952,-0.068702,-0.072021,-0.052888
601919,7,2009/6/30,-0.029332,-0.075814,-0.095483,-0.075016
601919,7,2009/9/30,-0.029149,-0.08178,-0.103982,-0.084396
601919,7,2009/12/31,-0.040753,-0.122055,-0.134345,-0.126181
601919,7,2010/3/31,0.012648,0.019192,0.021204,0.020216
601919,7,2010/6/30,0.036413,0.06827,0.072055,0.067325
601919,7,2010/9/30,0.055006,0.104927,0.114456,0.106952
601919,7,2010/12/31,0.064565,0.131001,0.13961,0.128485
601919,7,2011/3/31,0.000248,-0.001138,-0.001097,-0.001097
601919,7,2011/6/30,-0.008344,-0.028221,-0.028272,-0.029655
601919,7,2011/9/30,-0.016592,-0.053943,-0.055084,-0.060551
601919,7,2011/12/31,-0.048943,-0.139444,-0.143735,-0.176176
601919,7,2012/3/31,-0.012053,-0.036432,-0.039128,-0.049682
601919,7,2012/6/30,-0.01805,-0.067612,-0.062275,-0.08961
601919,7,2012/9/30,-0.021461,-0.087854,-0.076266,-0.117271
601919,7,2012/12/31,-0.03492,-0.128249,-0.117569,-0.195154
601919,7,2013/3/31,-0.006108,-0.025027,-0.024141,-0.04291
601919,7,2013/6/30,0.016204,0.015456,0.015682,0.026819
601919,7,2013/9/30,0.015022,0.006006,0.005025,0.009311
601919,7,2013/12/31,0.031544,0.044419,0.038538,0.068372
601919,7,2014/3/31,-0.004515,-0.026649,-0.021514,-0.039812
601919,7,2014/6/30,-0.000641,-0.032853,-0.021791,-0.041293
601919,7,2014/9/30,0.016579,0.005387,0.003862,0.007044
601919,7,2014/12/31,0.018177,0.030502,0.020453,0.036101
601919,7,2015/3/31,-0.000295,-0.01496,-0.00974,-0.017293
601919,7,2015/6/30,0.024044,0.045371,0.033216,0.056316
601919,7,2015/9/30,0.021938,0.022522,0.014766,0.026407
601919,7,2015/12/31,0.027249,0.042806,0.022514,0.039867
601919,7,2016/3/31,-0.03099,-0.097568,-0.102482,-0.105373
601919,7,2016/6/30,-0.046051,-0.147885,-0.159356,-0.1733
601919,7,2016/9/30,-0.055312,-0.181537,-0.19868,-0.229994
601919,7,2016/12/31,-0.056604,-0.200634,-0.208871,-0.242384
601919,7,2017/3/31,0.008363,0.010389,0.010922,0.01244
601919,7,2017/6/30,0.040459,0.086747,0.075178,0.081761
601919,7,2017/9/30,0.050649,0.099862,0.097435,0.106246
601919,7,2017/12/31,0.055807,0.122475,0.098356,0.110515
601919,7,2018/3/31,0.008788,0.014247,0.009843,0.011433
601919,7,2018/6/30,0.014076,0.016999,0.013488,0.017394
601919,7,2018/9/30,0.020105,0.033094,0.02022,0.03873
601919,7,2018/12/31,0.029861,0.050185,0.027647,0.053704
601919,7,2019/3/31,0.010099,0.0149,0.012166,0.017588
601919,7,2019/6/30,0.0198,0.032583,0.021871,0.034519
601919,7,2019/9/30,0.029584,0.049715,0.034534,0.054611
601919,7,2019/12/31,0.064606,0.143147,0.10236,0.149725
601919,7,2020/3/31,0.007896,0.011252,0.006563,0.009689
601919,7,2020/6/30,0.016965,0.029631,0.018669,0.027338
601919,7,2020/9/30,0.036952,0.086463,0.054803,0.07592
601919,7,2020/12/31,0.066487,0.183246,0.132948,0.167573
601919,7,2021/3/31,0.067556,0.191155,0.181047,0.183294
601919,7,2021/6/30,0.152032,0.342707,0.442151,0.357665
601919,7,2021/9/30,0.254482,0.459459,0.792258,0.511022
601919,7,2021/12/31,0.316735,0.512811,1.041705,0.580634
601919,7,2022/3/31,0.084046,0.123638,0.331575,0.15456
601919,7,2022/6/30,0.187523,0.277065,0.75731,0.318706
601919,7,2022/9/30,0.247655,0.354821,1.10525,0.420025
601919,7,2022/12/31,0.317751,0.502915,1.287029,0.518052
601919,7,2023/3/31,0.017999,0.034806,0.083552,0.033003
601919,7,2023/6/30,0.038652,0.089189,0.184793,0.079202
601919,7,2023/9/30,0.05305,0.118236,0.243484,0.103297
601919,7,2023/12/31,0.059294,0.140238,0.258396,0.116749
601919,7,2024/3/31,0.017957,0.039083,0.067679,0.030722
601919,7,2024/6/30,0.045758,0.09702,0.161458,0.074798
601919,7,2024/9/30,0.101122,0.200295,0.363317,0.159893
601919,7,2024/12/31,0.126955,0.268757,0.44447,0.19433
601919,7,2025/3/31,0.028673,0.062727,0.103234,0.044735
601919,7,2025/6/30,0.043944,0.103437,0.14403,0.071433
